{
  "1": "1",
  "2": "2",
  "3": "3",
  "4": "4",
  "5": "5",
  "6": "6",
  "7": "7",
  "8": "8",
  "9": "9",
  "10": "10",
  "11": "11",
  "12": "12",
  "13": "13",
  "14": "14",
  "15": "15",
  "16": "16",
  "17": "17",
  "18": "18",
  "19": "19",
  "20": "20",
  "21": "21",
  "22": "22",
  "23": "23",
  "24": "24",
  "25": "25",
  "26": "26",
  "27": "27",
  "28": "28",
  "29": "29",
  "30": "30",
  "31": "31",
  "Trigger flow with fixed schedule": "Flujo de activación con horario fijo",
  "Every X Minutes": "Cada X minutos",
  "Every Hour": "Cada hora",
  "Every Day": "Todos los días",
  "Every Week": "Cada semana",
  "Every Month": "Cada mes",
  "Cron Expression": "Expresión Cron",
  "Triggers the current flow every X minutes": "Activa el flujo actual cada X minutos",
  "Triggers the current flow every hour": "Activa el flujo actual cada hora",
  "Triggers the current flow every day": "Activa el flujo actual todos los días",
  "Triggers the current flow every week": "Activa el flujo actual cada semana",
  "Triggers the current flow every month": "Activa el flujo actual cada mes",
  "Trigger based on cron expression": "Disparador basado en la expresión cron",
  "Minutes": "Minutos",
  "Run on weekends (Sat,Sun)": "Ejecutar los fines de semana (Sat,Sol)",
  "Hour of the day": "Hora del día",
  "Timezone": "Timezone",
  "Day of the week": "Día de la semana",
  "Day of the month": "Día del mes",
  "Valid value between 1 to 59.": "Valor válido entre 1 y 59.",
  "Cron expression to trigger": "Expresión Cron a activar",
  "1 minute": "1 minuto",
  "2 minutes": "2 minutos",
  "3 minutes": "3 minutos",
  "4 minutes": "4 minutos",
  "5 minutes": "5 minutos",
  "6 minutes": "6 minutos",
  "7 minutes": "7 minutos",
  "8 minutes": "8 minutos",
  "9 minutes": "9 minutos",
  "10 minutes": "10 minutos",
  "11 minutes": "11 minutos",
  "12 minutes": "12 minutos",
  "13 minutes": "13 minutos",
  "14 minutes": "14 minutos",
  "15 minutes": "15 minutos",
  "16 minutes": "16 minutos",
  "17 minutes": "17 minutos",
  "18 minutes": "18 minutos",
  "19 minutes": "19 minutos",
  "20 minutes": "20 minutos",
  "21 minutes": "21 minutos",
  "22 minutes": "22 minutos",
  "23 minutes": "23 minutos",
  "24 minutes": "24 minutos",
  "25 minutes": "25 minutos",
  "26 minutes": "26 minutos",
  "27 minutes": "27 minutos",
  "28 minutes": "28 minutos",
  "29 minutes": "29 minutos",
  "30 minutes": "30 minutos",
  "31 minutes": "31 minutos",
  "32 minutes": "32 minutos",
  "33 minutes": "33 minutos",
  "34 minutes": "34 minutos",
  "35 minutes": "35 minutos",
  "36 minutes": "36 minutos",
  "37 minutes": "37 minutos",
  "38 minutes": "38 minutos",
  "39 minutes": "39 minutos",
  "40 minutes": "40 minutos",
  "41 minutes": "41 minutos",
  "42 minutes": "42 minutos",
  "43 minutes": "43 minutos",
  "44 minutes": "44 minutos",
  "45 minutes": "45 minutos",
  "46 minutes": "46 minutos",
  "47 minutes": "47 minutos",
  "48 minutes": "48 minutos",
  "49 minutes": "49 minutos",
  "50 minutes": "50 minutos",
  "51 minutes": "51 minutos",
  "52 minutes": "52 minutos",
  "53 minutes": "53 minutos",
  "54 minutes": "54 minutos",
  "55 minutes": "55 minutos",
  "56 minutes": "56 minutos",
  "57 minutes": "57 minutos",
  "58 minutes": "58 minutos",
  "59 minutes": "59 minutos",
  "Midnight": "Medianoche",
  "1 am": "1 am",
  "2 am": "2 am",
  "3 am": "3 am",
  "4 am": "4 am",
  "5 am": "5 am",
  "6 am": "6 am",
  "7 am": "7 am",
  "8 am": "8 am",
  "9 am": "9 am",
  "10 am": "10 am",
  "11 am": "11 am",
  "Noon": "mediodía",
  "1 pm": "1 pm",
  "2 pm": "2 pm",
  "3 pm": "3 pm",
  "4 pm": "4 pm",
  "5 pm": "5 pm",
  "6 pm": "6 pm",
  "7 pm": "7 pm",
  "8 pm": "8 pm",
  "9 pm": "9 pm",
  "10 pm": "10 pm",
  "11 pm": "11 pm",
  "(GMT-11:00) Pacific, Midway": "(GMT-11:00) Pacific, Midway",
  "(GMT-11:00) Pacific, Niue": "(GMT-11:00) Fic, Niue",
  "(GMT-11:00) Pacific, Pago Pago": "(GMT-11:00) fic, Pago de Pago",
  "(GMT-10:00) Pacific, Honolulu": "(GMT-10:00) fic, Honolulu",
  "(GMT-10:00) Pacific, Rarotonga": "(GMT-10:00) Pacific, Rarotonga",
  "(GMT-10:00) Pacific, Tahiti": "(GMT-10:00) fic, Tahití",
  "(GMT-09:30) Pacific, Marquesas": "(GMT-09:30) fic, Marquesas",
  "(GMT-09:00) America, Adak": "(GMT-09:00) América, Adak",
  "(GMT-09:00) Pacific, Gambier": "(GMT-09:00) fic, Gambier",
  "(GMT-08:00) America, Anchorage": "(GMT-08:00) América, Fondeo",
  "(GMT-08:00) America, Juneau": "(GMT-08:00) America, Juneau",
  "(GMT-08:00) America, Metlakatla": "(GMT-08:00) America, Metlakatla",
  "(GMT-08:00) America, Nome": "(GMT-08:00) América, Noma",
  "(GMT-08:00) America, Sitka": "(GMT-08:00) America, Sitka",
  "(GMT-08:00) America, Yakutat": "(GMT-08:00) America, Yakutat",
  "(GMT-08:00) Pacific, Pitcairn": "(GMT-08:00) fic, Pitcairn",
  "(GMT-07:00) America, Creston": "(GMT-07:00) América, Crestón",
  "(GMT-07:00) America, Dawson": "(GMT-07:00) América, Dawson",
  "(GMT-07:00) America, Dawson Creek": "(GMT-07:00) América, Dawson Creek",
  "(GMT-07:00) America, Fort Nelson": "(GMT-07:00) América, Fort Nelson",
  "(GMT-07:00) America, Hermosillo": "(GMT-07:00) América, Hermosillo",
  "(GMT-07:00) America, Los Angeles": "(GMT-07:00) América, Los Angeles",
  "(GMT-07:00) America, Mazatlan": "(GMT-07:00) America, Mazatlan",
  "(GMT-07:00) America, Phoenix": "(GMT-07:00) América, Fénix",
  "(GMT-07:00) America, Tijuana": "(GMT-07:00) América, Tijuana",
  "(GMT-07:00) America, Vancouver": "(GMT-07:00) America, Vancouver",
  "(GMT-07:00) America, Whitehorse": "(GMT-07:00) América, caballo blanco",
  "(GMT-06:00) America, Bahia Banderas": "(GMT-06:00) America, Bahia Banderas",
  "(GMT-06:00) America, Belize": "(GMT-06:00) América, Belice",
  "(GMT-06:00) America, Boise": "(GMT-06:00) America, Boise",
  "(GMT-06:00) America, Cambridge Bay": "(GMT-06:00) América, Cambridge Bay",
  "(GMT-06:00) America, Chihuahua": "(GMT-06:00) America, Chihuahua",
  "(GMT-06:00) America, Ciudad Juarez": "(GMT-06:00) America, Ciudad Juarez",
  "(GMT-06:00) America, Costa Rica": "(GMT-06:00) América, Costa Rica",
  "(GMT-06:00) America, Denver": "(GMT-06:00) América, Denver",
  "(GMT-06:00) America, Edmonton": "(GMT-06:00) América, Edmonton",
  "(GMT-06:00) America, El Salvador": "(GMT-06:00) América, El Salvador",
  "(GMT-06:00) America, Guatemala": "(GMT-06:00) America, Guatemala",
  "(GMT-06:00) America, Inuvik": "(GMT-06:00) America, Inuvik",
  "(GMT-06:00) America, Managua": "(GMT-06:00) America, Managua",
  "(GMT-06:00) America, Merida": "(GMT-06:00) América, Mérida",
  "(GMT-06:00) America, Mexico City": "(GMT-06:00) América, Ciudad de México",
  "(GMT-06:00) America, Monterrey": "(GMT-06:00) America, Monterrey",
  "(GMT-06:00) America, Regina": "(GMT-06:00) América, Regina",
  "(GMT-06:00) America, Swift Current": "(GMT-06:00) América, Corriente rápida",
  "(GMT-06:00) America, Tegucigalpa": "(GMT-06:00) América, Tegucigalpa",
  "(GMT-06:00) Pacific, Easter": "(GMT-06:00) fic, Pascua",
  "(GMT-06:00) Pacific, Galapagos": "(GMT-06:00) fic, Galapagos",
  "(GMT-05:00) America, Atikokan": "(GMT-05:00) America, Atikokan",
  "(GMT-05:00) America, Bogota": "(GMT-05:00) America, Bogota",
  "(GMT-05:00) America, Cancun": "(GMT-05:00) América, Cancún",
  "(GMT-05:00) America, Cayman": "(GMT-05:00) América, Caimán",
  "(GMT-05:00) America, Chicago": "(GMT-05:00) América, Chicago",
  "(GMT-05:00) America, Eirunepe": "(GMT-05:00) América, Eirunepe",
  "(GMT-05:00) America, Guayaquil": "(GMT-05:00) America, Guayaquil",
  "(GMT-05:00) America, Indiana, Knox": "(GMT-05:00) América, Indiana, Knox",
  "(GMT-05:00) America, Indiana, Tell City": "(GMT-05:00) América, Indiana, Ciudad del Cuento",
  "(GMT-05:00) America, Jamaica": "(GMT-05:00) América, Jamaica",
  "(GMT-05:00) America, Lima": "(GMT-05:00) América, Lima",
  "(GMT-05:00) America, Matamoros": "(GMT-05:00) América, Matamoros",
  "(GMT-05:00) America, Menominee": "(GMT-05:00) América, Menomineo",
  "(GMT-05:00) America, North Dakota, Beulah": "(GMT-05:00) América, Dakota del Norte, Beulah",
  "(GMT-05:00) America, North Dakota, Center": "(GMT-05:00) América, Dakota del Norte, Centro",
  "(GMT-05:00) America, North Dakota, New Salem": "(GMT-05:00) América, Dakota del Norte, Nuevo Salem",
  "(GMT-05:00) America, Ojinaga": "(GMT-05:00) América, Ojinaga",
  "(GMT-05:00) America, Panama": "(GMT-05:00) América, Panamá",
  "(GMT-05:00) America, Rankin Inlet": "(GMT-05:00) América, Entrada de Rankin",
  "(GMT-05:00) America, Resolute": "(GMT-05:00) América, Resolución",
  "(GMT-05:00) America, Rio Branco": "(GMT-05:00) America, Rio Branco",
  "(GMT-05:00) America, Winnipeg": "(GMT-05:00) América, Winnipeg",
  "(GMT-04:00) America, Anguilla": "(GMT-04:00) América, Anguila",
  "(GMT-04:00) America, Antigua": "(GMT-04:00) América, Antigua",
  "(GMT-04:00) America, Aruba": "(GMT-04:00) América, Aruba",
  "(GMT-04:00) America, Asuncion": "(GMT-04:00) América, Representación",
  "(GMT-04:00) America, Barbados": "(GMT-04:00) América, Barbados",
  "(GMT-04:00) America, Blanc-Sablon": "(GMT-04:00) América, Blanc-Sablon",
  "(GMT-04:00) America, Boa Vista": "(GMT-04:00) América, Boa Vista",
  "(GMT-04:00) America, Campo Grande": "(GMT-04:00) América, Campo Grande",
  "(GMT-04:00) America, Caracas": "(GMT-04:00) América, Caracas",
  "(GMT-04:00) America, Cuiaba": "(GMT-04:00) América, Cuiaba",
  "(GMT-04:00) America, Curacao": "(GMT-04:00) América, Curazao",
  "(GMT-04:00) America, Detroit": "(GMT-04:00) América, Detroit",
  "(GMT-04:00) America, Dominica": "(GMT-04:00) América, Dominica",
  "(GMT-04:00) America, Grand Turk": "(GMT-04:00) América, Gran Turco",
  "(GMT-04:00) America, Grenada": "(GMT-04:00) América, Granada",
  "(GMT-04:00) America, Guadeloupe": "(GMT-04:00) America, Guadeloupe",
  "(GMT-04:00) America, Guyana": "(GMT-04:00) América, Guyana",
  "(GMT-04:00) America, Havana": "(GMT-04:00) America, Havana",
  "(GMT-04:00) America, Indiana, Indianapolis": "(GMT-04:00) América, Indiana, Indianapolis",
  "(GMT-04:00) America, Indiana, Marengo": "(GMT-04:00) América, Indiana, Marengo",
  "(GMT-04:00) America, Indiana, Petersburg": "(GMT-04:00) América, Indiana, Petersburgo",
  "(GMT-04:00) America, Indiana, Vevay": "(GMT-04:00) América, Indiana, Vevay",
  "(GMT-04:00) America, Indiana, Vincennes": "(GMT-04:00) América, Indiana, Vincennes",
  "(GMT-04:00) America, Indiana, Winamac": "(GMT-04:00) América, Indiana, Winamac",
  "(GMT-04:00) America, Iqaluit": "(GMT-04:00) America, Iqaluit",
  "(GMT-04:00) America, Kentucky, Louisville": "(GMT-04:00) América, Kentucky, Louisville",
  "(GMT-04:00) America, Kentucky, Monticello": "(GMT-04:00) América, Kentucky, Monticello",
  "(GMT-04:00) America, Kralendijk": "(GMT-04:00) America, Kralendijk",
  "(GMT-04:00) America, La Paz": "(GMT-04:00) América, La Paz",
  "(GMT-04:00) America, Lower Princes": "(GMT-04:00) América, Príncipes Menores",
  "(GMT-04:00) America, Manaus": "(GMT-04:00) America, Manaus",
  "(GMT-04:00) America, Marigot": "(GMT-04:00) América, Marigot",
  "(GMT-04:00) America, Martinique": "(GMT-04:00) América, Martinique",
  "(GMT-04:00) America, Montserrat": "(GMT-04:00) America, Montserrat",
  "(GMT-04:00) America, Nassau": "(GMT-04:00) America, Nassau",
  "(GMT-04:00) America, New York": "(GMT-04:00) América, Nueva York",
  "(GMT-04:00) America, Port of Spain": "(GMT-04:00) América, Puerto de España",
  "(GMT-04:00) America, Port-au-Prince": "(GMT-04:00) América, Puerto Príncipe",
  "(GMT-04:00) America, Porto Velho": "(GMT-04:00) America, Porto Velho",
  "(GMT-04:00) America, Puerto Rico": "(GMT-04:00) América, Puerto Rico",
  "(GMT-04:00) America, Santiago": "(GMT-04:00) América, Santiago",
  "(GMT-04:00) America, Santo Domingo": "(GMT-04:00) América, Santo Domingo",
  "(GMT-04:00) America, St. Barthelemy": "(GMT-04:00) America, St. Barthelemy",
  "(GMT-04:00) America, St. Kitts": "(GMT-04:00) América, St. Kitts",
  "(GMT-04:00) America, St. Lucia": "(GMT-04:00) America, St. Lucia",
  "(GMT-04:00) America, St. Thomas": "(GMT-04:00) América, St. Thomas",
  "(GMT-04:00) America, St. Vincent": "(GMT-04:00) América, San Vicente",
  "(GMT-04:00) America, Toronto": "(GMT-04:00) América, Toronto",
  "(GMT-04:00) America, Tortola": "(GMT-04:00) América, Tortola",
  "(GMT-03:00) America, Araguaina": "(GMT-03:00) America, Araguaina",
  "(GMT-03:00) America, Argentina, Buenos Aires": "(GMT-03:00) America, Argentina, Buenos Aires",
  "(GMT-03:00) America, Argentina, Catamarca": "(GMT-03:00) América, Argentina, Catamarca",
  "(GMT-03:00) America, Argentina, Cordoba": "(GMT-03:00) América, Argentina, Cordoba",
  "(GMT-03:00) America, Argentina, Jujuy": "(GMT-03:00) America, Argentina, Jujuy",
  "(GMT-03:00) America, Argentina, La Rioja": "(GMT-03:00) América, Argentina, La Rioja",
  "(GMT-03:00) America, Argentina, Mendoza": "(GMT-03:00) América, Argentina, Mendoza",
  "(GMT-03:00) America, Argentina, Rio Gallegos": "(GMT-03:00) America, Argentina, Rio Gallegos",
  "(GMT-03:00) America, Argentina, Salta": "(GMT-03:00) América, Argentina, Salta",
  "(GMT-03:00) America, Argentina, San Juan": "(GMT-03:00) América, Argentina, San Juan",
  "(GMT-03:00) America, Argentina, San Luis": "(GMT-03:00) América, Argentina, San Luis",
  "(GMT-03:00) America, Argentina, Tucuman": "(GMT-03:00) América, Argentina, Tucumán",
  "(GMT-03:00) America, Argentina, Ushuaia": "(GMT-03:00) America, Argentina, Ushuaia",
  "(GMT-03:00) America, Bahia": "(GMT-03:00) America, Bahia",
  "(GMT-03:00) America, Belem": "(GMT-03:00) America, Belem",
  "(GMT-03:00) America, Cayenne": "(GMT-03:00) América, Cayenne",
  "(GMT-03:00) America, Fortaleza": "(GMT-03:00) América, Fortaleza",
  "(GMT-03:00) America, Glace Bay": "(GMT-03:00) América, Glace Bay",
  "(GMT-03:00) America, Goose Bay": "(GMT-03:00) América, Goose Bay",
  "(GMT-03:00) America, Halifax": "(GMT-03:00) América, Halifax",
  "(GMT-03:00) America, Maceio": "(GMT-03:00) América, Maceio",
  "(GMT-03:00) America, Moncton": "(GMT-03:00) America, Moncton",
  "(GMT-03:00) America, Montevideo": "(GMT-03:00) América, Montevideo",
  "(GMT-03:00) America, Paramaribo": "(GMT-03:00) América, Paramaribo",
  "(GMT-03:00) America, Punta Arenas": "(GMT-03:00) América, Punta Arenas",
  "(GMT-03:00) America, Recife": "(GMT-03:00) América, Recife",
  "(GMT-03:00) America, Santarem": "(GMT-03:00) América, Santarem",
  "(GMT-03:00) America, Sao Paulo": "(GMT-03:00) America, Sao Paulo",
  "(GMT-03:00) America, Thule": "(GMT-03:00) América, Thule",
  "(GMT-03:00) Antarctica, Palmer": "(GMT-03:00) Antártica, Palmer",
  "(GMT-03:00) Antarctica, Rothera": "(GMT-03:00) Antártica, Rothera",
  "(GMT-03:00) Atlantic, Bermuda": "(GMT-03:00) Atlántico, Bermudas",
  "(GMT-03:00) Atlantic, Stanley": "(GMT-03:00) Atlántico, Stanley",
  "(GMT-02:30) America, St. Johns": "(GMT-02:30) América, St. Johns",
  "(GMT-02:00) America, Miquelon": "(GMT-02:00) América, Miquelón",
  "(GMT-02:00) America, Noronha": "(GMT-02:00) América, Norona",
  "(GMT-02:00) America, Nuuk": "(GMT-02:00) America, Nuuk",
  "(GMT-02:00) Atlantic, South Georgia": "(GMT-02:00) Atlántico, Georgia del Sur",
  "(GMT-01:00) Atlantic, Cape Verde": "(GMT-01:00) Atlántico, Cabo Verde",
  "(GMT) Africa, Abidjan": "(GMT) África, Abiyán",
  "(GMT) Africa, Accra": "(GMT) África, Accra",
  "(GMT) Africa, Bamako": "(GMT) África, Bamako",
  "(GMT) Africa, Banjul": "(GMT) Africa, Banjul",
  "(GMT) Africa, Bissau": "(GMT) África, Bissau",
  "(GMT) Africa, Conakry": "(GMT) Africa, Conakry",
  "(GMT) Africa, Dakar": "(GMT) África, Dakar",
  "(GMT) Africa, Freetown": "(GMT) África, Freetown",
  "(GMT) Africa, Lome": "(GMT) África, Lome",
  "(GMT) Africa, Monrovia": "(GMT) África, Monrovia",
  "(GMT) Africa, Nouakchott": "(GMT) África, Nuakchott",
  "(GMT) Africa, Ouagadougou": "(GMT) Africa, Ouagadougou",
  "(GMT) Africa, Sao Tome": "(GMT) Africa, Sao Tome",
  "(GMT) America, Danmarkshavn": "(GMT) America, Danmarkshavn",
  "(GMT) America, Scoresbysund": "(GMT) America, Scoresbysund",
  "(GMT) Atlantic, Azores": "(GMT) Atlántico, Azores",
  "(GMT) Atlantic, Reykjavik": "(GMT) Atlantic, Reykjavik",
  "(GMT) Atlantic, St. Helena": "(GMT) Atlántico, Santa Helena",
  "(GMT) UTC": "(GMT) UTC",
  "(GMT+01:00) Africa, Algiers": "(GMT+01:00) Africa, Algiers",
  "(GMT+01:00) Africa, Bangui": "(GMT+01:00) África, Bangui",
  "(GMT+01:00) Africa, Brazzaville": "(GMT+01:00) África, Brasil",
  "(GMT+01:00) Africa, Casablanca": "(GMT+01:00) África, Casablanca",
  "(GMT+01:00) Africa, Douala": "(GMT+01:00) Africa, Douala",
  "(GMT+01:00) Africa, El Aaiun": "(GMT+01:00) Africa, El Aaiun",
  "(GMT+01:00) Africa, Kinshasa": "(GMT+01:00) Africa, Kinshasa",
  "(GMT+01:00) Africa, Lagos": "(GMT+01:00) Africa, Lagos",
  "(GMT+01:00) Africa, Libreville": "(GMT+01:00) África, Libreville",
  "(GMT+01:00) Africa, Luanda": "(GMT+01:00) África, Luanda",
  "(GMT+01:00) Africa, Malabo": "(GMT+01:00) Africa, Malabo",
  "(GMT+01:00) Africa, Ndjamena": "(GMT+01:00) África, Ndjamena",
  "(GMT+01:00) Africa, Niamey": "(GMT+01:00) Africa, Niamey",
  "(GMT+01:00) Africa, Porto-Novo": "(GMT+01:00) África, Oporto-Novo",
  "(GMT+01:00) Africa, Tunis": "(GMT+01:00) África, Túnez",
  "(GMT+01:00) Atlantic, Canary": "(GMT+01:00) Atlántico, Canarias",
  "(GMT+01:00) Atlantic, Faroe": "(GMT+01:00) Atlántico, Faroe",
  "(GMT+01:00) Atlantic, Madeira": "(GMT+01:00) Atlántico, Madeira",
  "(GMT+01:00) Europe, Dublin": "(GMT+01:00) Europa, Dublín",
  "(GMT+01:00) Europe, Guernsey": "(GMT+01:00) Europa, Guernsey",
  "(GMT+01:00) Europe, Isle of Man": "(GMT+01:00) Europa, Isla de Man",
  "(GMT+01:00) Europe, Jersey": "(GMT+01:00) Europa, Jersey",
  "(GMT+01:00) Europe, Lisbon": "(GMT+01:00) Europa, Lisboa",
  "(GMT+01:00) Europe, London": "(GMT+01:00) Europa, Londres",
  "(GMT+02:00) Africa, Blantyre": "(GMT+02:00) Africa, Blantyre",
  "(GMT+02:00) Africa, Bujumbura": "(GMT+02:00) Africa, Bujumbura",
  "(GMT+02:00) Africa, Ceuta": "(GMT+02:00) África, Ceuta",
  "(GMT+02:00) Africa, Gaborone": "(GMT+02:00) Africa, Gaborone",
  "(GMT+02:00) Africa, Harare": "(GMT+02:00) África, Harare",
  "(GMT+02:00) Africa, Johannesburg": "(GMT+02:00) África, Johannesburgo",
  "(GMT+02:00) Africa, Juba": "(GMT+02:00) Africa, Juba",
  "(GMT+02:00) Africa, Khartoum": "(GMT+02:00) Africa, Khartoum",
  "(GMT+02:00) Africa, Kigali": "(GMT+02:00) Africa, Kigali",
  "(GMT+02:00) Africa, Lubumbashi": "(GMT+02:00) África, Lubumbashi",
  "(GMT+02:00) Africa, Lusaka": "(GMT+02:00) África, Lusaka",
  "(GMT+02:00) Africa, Maputo": "(GMT+02:00) África, Maputo",
  "(GMT+02:00) Africa, Maseru": "(GMT+02:00) África, Maseru",
  "(GMT+02:00) Africa, Mbabane": "(GMT+02:00) Africa, Mbabane",
  "(GMT+02:00) Africa, Tripoli": "(GMT+02:00) África, Trípoli",
  "(GMT+02:00) Africa, Windhoek": "(GMT+02:00) África, Windhoek",
  "(GMT+02:00) Antarctica, Troll": "(GMT+02:00) Antártica, Troll",
  "(GMT+02:00) Arctic, Longyearbyen": "(GMT+02:00) Ártico, Longyearbyen",
  "(GMT+02:00) Europe, Amsterdam": "(GMT+02:00) Europa, Amsterdam",
  "(GMT+02:00) Europe, Andorra": "(GMT+02:00) Europa, Andorra",
  "(GMT+02:00) Europe, Belgrade": "(GMT+02:00) Europa, Belgrado",
  "(GMT+02:00) Europe, Berlin": "(GMT+02:00) Europa, Berlín",
  "(GMT+02:00) Europe, Bratislava": "(GMT+02:00) Europe, Bratislava",
  "(GMT+02:00) Europe, Brussels": "(GMT+02:00) Europa, Bruselas",
  "(GMT+02:00) Europe, Budapest": "(GMT+02:00) Europe, Budapest",
  "(GMT+02:00) Europe, Busingen": "(GMT+02:00) Europa, Busingen",
  "(GMT+02:00) Europe, Copenhagen": "(GMT+02:00) Europa, Copenhague",
  "(GMT+02:00) Europe, Gibraltar": "(GMT+02:00) Europa, Gibraltar",
  "(GMT+02:00) Europe, Kaliningrad": "(GMT+02:00) Europa, Kaliningrado",
  "(GMT+02:00) Europe, Ljubljana": "(GMT+02:00) Europa, Liubliana",
  "(GMT+02:00) Europe, Luxembourg": "(GMT+02:00) Europa, Luxemburgo",
  "(GMT+02:00) Europe, Madrid": "(GMT+02:00) Europa, Madrid",
  "(GMT+02:00) Europe, Malta": "(GMT+02:00) Europa, Malta",
  "(GMT+02:00) Europe, Monaco": "(GMT+02:00) Europa, Mónaco",
  "(GMT+02:00) Europe, Oslo": "(GMT+02:00) Europa, Oslo",
  "(GMT+02:00) Europe, Paris": "(GMT+02:00) Europa, París",
  "(GMT+02:00) Europe, Podgorica": "(GMT+02:00) Europa, Podgorica",
  "(GMT+02:00) Europe, Prague": "(GMT+02:00) Europa, Praga",
  "(GMT+02:00) Europe, Rome": "(GMT+02:00) Europa, Roma",
  "(GMT+02:00) Europe, San Marino": "(GMT+02:00) Europa, San Marino",
  "(GMT+02:00) Europe, Sarajevo": "(GMT+02:00) Europe, Sarajevo",
  "(GMT+02:00) Europe, Skopje": "(GMT+02:00) Europa, Skopje",
  "(GMT+02:00) Europe, Stockholm": "(GMT+02:00) Europa, Estocolmo",
  "(GMT+02:00) Europe, Tirane": "(GMT+02:00) Europa, Tirana",
  "(GMT+02:00) Europe, Vaduz": "(GMT+02:00) Europa, Vaduz",
  "(GMT+02:00) Europe, Vatican": "(GMT+02:00) Europa, Vaticano",
  "(GMT+02:00) Europe, Vienna": "(GMT+02:00) Europa, Viena",
  "(GMT+02:00) Europe, Warsaw": "(GMT+02:00) Europa, Varsovia",
  "(GMT+02:00) Europe, Zagreb": "(GMT+02:00) Europa, Zagreb",
  "(GMT+02:00) Europe, Zurich": "(GMT+02:00) Europa, Zúrich",
  "(GMT+03:00) Africa, Addis Ababa": "(GMT+03:00) África, Agrega Ababa",
  "(GMT+03:00) Africa, Asmara": "(GMT+03:00) África, Asmara",
  "(GMT+03:00) Africa, Cairo": "(GMT+03:00) África, El Cairo",
  "(GMT+03:00) Africa, Dar es Salaam": "(GMT+03:00) África, Dar es Salaam",
  "(GMT+03:00) Africa, Djibouti": "(GMT+03:00) Africa, Djibouti",
  "(GMT+03:00) Africa, Kampala": "(GMT+03:00) África, Kampala",
  "(GMT+03:00) Africa, Mogadishu": "(GMT+03:00) Africa, Mogadishu",
  "(GMT+03:00) Africa, Nairobi": "(GMT+03:00) África, Nairobi",
  "(GMT+03:00) Antarctica, Syowa": "(GMT+03:00) Antártida, Syowa",
  "(GMT+03:00) Asia, Aden": "(GMT+03:00) Asia, Adén",
  "(GMT+03:00) Asia, Amman": "(GMT+03:00) Asia, Amán",
  "(GMT+03:00) Asia, Baghdad": "(GMT+03:00) Asia, Baghdad",
  "(GMT+03:00) Asia, Bahrain": "(GMT+03:00) Asia, Bahréin",
  "(GMT+03:00) Asia, Beirut": "(GMT+03:00) Asia, Beirut",
  "(GMT+03:00) Asia, Damascus": "(GMT+03:00) Asia, Damasco",
  "(GMT+03:00) Asia, Famagusta": "(GMT+03:00) Asia, Famagusta",
  "(GMT+03:00) Asia, Gaza": "(GMT+03:00) Asia, Gaza",
  "(GMT+03:00) Asia, Hebron": "(GMT+03:00) Asia, Hebrón",
  "(GMT+03:00) Asia, Jerusalem": "(GMT+03:00) Asia, Jerusalén",
  "(GMT+03:00) Asia, Kuwait": "(GMT+03:00) Asia, Kuwait",
  "(GMT+03:00) Asia, Nicosia": "(GMT+03:00) Asia, Nicosia",
  "(GMT+03:00) Asia, Qatar": "(GMT+03:00) Asia, Qatar",
  "(GMT+03:00) Asia, Riyadh": "(GMT+03:00) Asia, Riyadh",
  "(GMT+03:00) Europe, Athens": "(GMT+03:00) Europa, Athens",
  "(GMT+03:00) Europe, Bucharest": "(GMT+03:00) Europa, Bucarest",
  "(GMT+03:00) Europe, Chisinau": "(GMT+03:00) Europa, Chisinau",
  "(GMT+03:00) Europe, Helsinki": "(GMT+03:00) Europe, Helsinki",
  "(GMT+03:00) Europe, Istanbul": "(GMT+03:00) Europe, Istanbul",
  "(GMT+03:00) Europe, Kirov": "(GMT+03:00) Europe, Kirov",
  "(GMT+03:00) Europe, Kyiv": "(GMT+03:00) Europa, Kiev",
  "(GMT+03:00) Europe, Mariehamn": "(GMT+03:00) Europa, Mariehamn",
  "(GMT+03:00) Europe, Minsk": "(GMT+03:00) Europa, Minsk",
  "(GMT+03:00) Europe, Moscow": "(GMT+03:00) Europa, Moscú",
  "(GMT+03:00) Europe, Riga": "(GMT+03:00) Europa, Riga",
  "(GMT+03:00) Europe, Simferopol": "(GMT+03:00) Europa, Simferopol",
  "(GMT+03:00) Europe, Sofia": "(GMT+03:00) Europa, Sofía",
  "(GMT+03:00) Europe, Tallinn": "(GMT+03:00) Europa, Tallin",
  "(GMT+03:00) Europe, Vilnius": "(GMT+03:00) Europe, Vilnius",
  "(GMT+03:00) Europe, Volgograd": "(GMT+03:00) Europa, Volgogrado",
  "(GMT+03:00) Indian, Antananarivo": "(GMT+03:00) India, Antananarivo",
  "(GMT+03:00) Indian, Comoro": "(GMT+03:00) Indio, Comoro",
  "(GMT+03:00) Indian, Mayotte": "(GMT+03:00) India, Mayotte",
  "(GMT+03:30) Asia, Tehran": "(GMT+03:30) Asia, Teherán",
  "(GMT+04:00) Asia, Baku": "(GMT+04:00) Asia, Baku",
  "(GMT+04:00) Asia, Dubai": "(GMT+04:00) Asia, Dubai",
  "(GMT+04:00) Asia, Muscat": "(GMT+04:00) Asia, Mascate",
  "(GMT+04:00) Asia, Tbilisi": "(GMT+04:00) Asia, Tiflis",
  "(GMT+04:00) Asia, Yerevan": "(GMT+04:00) Asia, Ereván",
  "(GMT+04:00) Europe, Astrakhan": "(GMT+04:00) Europa, Astraján",
  "(GMT+04:00) Europe, Samara": "(GMT+04:00) Europa, Samara",
  "(GMT+04:00) Europe, Saratov": "(GMT+04:00) Europa, Saratov",
  "(GMT+04:00) Europe, Ulyanovsk": "(GMT+04:00) Europe, Ulyanovsk",
  "(GMT+04:00) Indian, Mahe": "(GMT+04:00) Indio, Mahe",
  "(GMT+04:00) Indian, Mauritius": "(GMT+04:00) Indian, Mauritius",
  "(GMT+04:00) Indian, Reunion": "(GMT+04:00) India, Reunión",
  "(GMT+04:30) Asia, Kabul": "(GMT+04:30) Asia, Kabul",
  "(GMT+05:00) Antarctica, Mawson": "(GMT+05:00) Antarctica, Mawson",
  "(GMT+05:00) Asia, Aqtau": "(GMT+05:00) Asia, Aqtau",
  "(GMT+05:00) Asia, Aqtobe": "(GMT+05:00) Asia, Aqtobe",
  "(GMT+05:00) Asia, Ashgabat": "(GMT+05:00) Asia, Ashgabat",
  "(GMT+05:00) Asia, Atyrau": "(GMT+05:00) Asia, Atyrau",
  "(GMT+05:00) Asia, Dushanbe": "(GMT+05:00) Asia, Dushanbe",
  "(GMT+05:00) Asia, Karachi": "(GMT+05:00) Asia, Karachi",
  "(GMT+05:00) Asia, Oral": "(GMT+05:00) Asia, Oral",
  "(GMT+05:00) Asia, Qyzylorda": "(GMT+05:00) Asia, Qyzylorda",
  "(GMT+05:00) Asia, Samarkand": "(GMT+05:00) Asia, Samarkand",
  "(GMT+05:00) Asia, Tashkent": "(GMT+05:00) Asia, Tashkent",
  "(GMT+05:00) Asia, Yekaterinburg": "(GMT+05:00) Asia, Yekaterinburg",
  "(GMT+05:00) Indian, Kerguelen": "(GMT+05:00) India, Kerguelen",
  "(GMT+05:00) Indian, Maldives": "(GMT+05:00) Indios, Maldivas",
  "(GMT+05:30) Asia, Colombo": "(GMT+05:30) Asia, Colombia",
  "(GMT+05:30) Asia, Kolkata": "(GMT+05:30) Asia, Kolkata",
  "(GMT+05:45) Asia, Kathmandu": "(GMT+05:45) Asia, Kathmandu",
  "(GMT+06:00) Antarctica, Vostok": "(GMT+06:00) Antártida, Vostok",
  "(GMT+06:00) Asia, Almaty": "(GMT+06:00) Asia, Almaty",
  "(GMT+06:00) Asia, Bishkek": "(GMT+06:00) Asia, Bishkek",
  "(GMT+06:00) Asia, Dhaka": "(GMT+06:00) Asia, Dhaka",
  "(GMT+06:00) Asia, Omsk": "(GMT+06:00) Asia, Omsk",
  "(GMT+06:00) Asia, Qostanay": "(GMT+06:00) Asia, Qostanay",
  "(GMT+06:00) Asia, Thimphu": "(GMT+06:00) Asia, Thimphu",
  "(GMT+06:00) Asia, Urumqi": "(GMT+06:00) Asia, Urumqi",
  "(GMT+06:00) Indian, Chagos": "(GMT+06:00) India, Chagos",
  "(GMT+06:30) Asia, Yangon": "(GMT+06:30) Asia, Yangon",
  "(GMT+06:30) Indian, Cocos": "(GMT+06:30) India, Cocos",
  "(GMT+07:00) Antarctica, Davis": "(GMT+07:00) Antártida, Davis",
  "(GMT+07:00) Asia, Bangkok": "(GMT+07:00) Asia, Bangkok",
  "(GMT+07:00) Asia, Barnaul": "(GMT+07:00) Asia, Barnaul",
  "(GMT+07:00) Asia, Ho Chi Minh": "(GMT+07:00) Asia, Ho Chi Minh",
  "(GMT+07:00) Asia, Hovd": "(GMT+07:00) Asia, Hovd",
  "(GMT+07:00) Asia, Jakarta": "(GMT+07:00) Asia, Jakarta",
  "(GMT+07:00) Asia, Krasnoyarsk": "(GMT+07:00) Asia, Krasnoyarsk",
  "(GMT+07:00) Asia, Novokuznetsk": "(GMT+07:00) Asia, Novokuznetsk",
  "(GMT+07:00) Asia, Novosibirsk": "(GMT+07:00) Asia, Novosibirsk",
  "(GMT+07:00) Asia, Phnom Penh": "(GMT+07:00) Asia, Phnom Penh",
  "(GMT+07:00) Asia, Pontianak": "(GMT+07:00) Asia, Pontianak",
  "(GMT+07:00) Asia, Tomsk": "(GMT+07:00) Asia, Tomsk",
  "(GMT+07:00) Asia, Vientiane": "(GMT+07:00) Asia, Vientiane",
  "(GMT+07:00) Indian, Christmas": "(GMT+07:00) Indios, Navidad",
  "(GMT+08:00) Asia, Brunei": "(GMT+08:00) Asia, Brunei",
  "(GMT+08:00) Asia, Choibalsan": "(GMT+08:00) Asia, Choibalsan",
  "(GMT+08:00) Asia, Hong Kong": "(GMT+08:00) Asia, Hong Kong",
  "(GMT+08:00) Asia, Irkutsk": "(GMT+08:00) Asia, Irkutsk",
  "(GMT+08:00) Asia, Kuala Lumpur": "(GMT+08:00) Asia, Kuala Lumpur",
  "(GMT+08:00) Asia, Kuching": "(GMT+08:00) Asia, Kuching",
  "(GMT+08:00) Asia, Macau": "(GMT+08:00) Asia, Macao",
  "(GMT+08:00) Asia, Makassar": "(GMT+08:00) Asia, Makassar",
  "(GMT+08:00) Asia, Manila": "(GMT+08:00) Asia, Manila",
  "(GMT+08:00) Asia, Shanghai": "(GMT+08:00) Asia, Shanghai",
  "(GMT+08:00) Asia, Singapore": "(GMT+08:00) Asia, Singapur",
  "(GMT+08:00) Asia, Taipei": "(GMT+08:00) Asia",
  "(GMT+08:00) Asia, Ulaanbaatar": "(GMT+08:00) Asia, Ulaanbaatar",
  "(GMT+08:00) Australia, Perth": "(GMT+08:00) Australia, Perth",
  "(GMT+08:45) Australia, Eucla": "(GMT+08:45) Australia, Eucla",
  "(GMT+09:00) Asia, Chita": "(GMT+09:00) Asia, Chita",
  "(GMT+09:00) Asia, Dili": "(GMT+09:00) Asia, Dili",
  "(GMT+09:00) Asia, Jayapura": "(GMT+09:00) Asia, Jayapura",
  "(GMT+09:00) Asia, Khandyga": "(GMT+09:00) Asia, Khandyga",
  "(GMT+09:00) Asia, Pyongyang": "(GMT+09:00) Asia, Pyongyang",
  "(GMT+09:00) Asia, Seoul": "(GMT+09:00) Asia, Seúl",
  "(GMT+09:00) Asia, Tokyo": "(GMT+09:00) Asia, Tokyo",
  "(GMT+09:00) Asia, Yakutsk": "(GMT+09:00) Asia, Yakutsk",
  "(GMT+09:00) Pacific, Palau": "(GMT+09:00) Fic, Palau",
  "(GMT+09:30) Australia, Adelaide": "(GMT+09:30) Australia, Adelaida",
  "(GMT+09:30) Australia, Broken Hill": "(GMT+09:30) Australia, Colina Rota",
  "(GMT+09:30) Australia, Darwin": "(GMT+09:30) Australia, Darwin",
  "(GMT+10:00) Antarctica, DumontDUrville": "(GMT+10:00) Antarctica, DumontDUrville",
  "(GMT+10:00) Antarctica, Macquarie": "(GMT+10:00) Antártica, Macquarie",
  "(GMT+10:00) Asia, Ust-Nera": "(GMT+10:00) Asia, Ust-Nera",
  "(GMT+10:00) Asia, Vladivostok": "(GMT+10:00) Asia, ivostok",
  "(GMT+10:00) Australia, Brisbane": "(GMT+10:00) Australia, Brisbane",
  "(GMT+10:00) Australia, Hobart": "(GMT+10:00) Australia, Hobart",
  "(GMT+10:00) Australia, Lindeman": "(GMT+10:00) Australia, Lindeman",
  "(GMT+10:00) Australia, Melbourne": "(GMT+10:00) Australia, Melbourne",
  "(GMT+10:00) Australia, Sydney": "(GMT+10:00) Australia, Sydney",
  "(GMT+10:00) Pacific, Chuuk": "(GMT+10:00) fic, Chuuk",
  "(GMT+10:00) Pacific, Guam": "(GMT+10:00) fic, Guam",
  "(GMT+10:00) Pacific, Port Moresby": "(GMT+10:00) fic, Port Moresby",
  "(GMT+10:00) Pacific, Saipan": "(GMT+10:00) fic, Saipan",
  "(GMT+10:30) Australia, Lord Howe": "(GMT+10:30) Australia, Lord Howe",
  "(GMT+11:00) Antarctica, Casey": "(GMT+11:00) Antarctica, Casey",
  "(GMT+11:00) Asia, Magadan": "(GMT+11:00) Asia, Magadán",
  "(GMT+11:00) Asia, Sakhalin": "(GMT+11:00) Asia, Sakhalin",
  "(GMT+11:00) Asia, Srednekolymsk": "(GMT+11:00) Asia, Srednekolymsk",
  "(GMT+11:00) Pacific, Bougainville": "(GMT+11:00) fic, Bougainville",
  "(GMT+11:00) Pacific, Efate": "(GMT+11:00) fic, Efate",
  "(GMT+11:00) Pacific, Guadalcanal": "(GMT+11:00) fic, Guadalcal",
  "(GMT+11:00) Pacific, Kosrae": "(GMT+11:00) fic, Kosovo",
  "(GMT+11:00) Pacific, Norfolk": "(GMT+11:00) fic, Norfolk",
  "(GMT+11:00) Pacific, Noumea": "(GMT+11:00) fic, Noumea",
  "(GMT+11:00) Pacific, Pohnpei": "(GMT+11:00) Fic, Pohnpei",
  "(GMT+12:00) Antarctica, McMurdo": "(GMT+12:00) Antártida, McMurdo",
  "(GMT+12:00) Asia, Anadyr": "(GMT+12:00) Asia, Anadyr",
  "(GMT+12:00) Asia, Kamchatka": "(GMT+12:00) Asia, Kamchatka",
  "(GMT+12:00) Pacific, Auckland": "(GMT+12:00) fic, Auckland",
  "(GMT+12:00) Pacific, Fiji": "(GMT+12:00) Fic, Fiji",
  "(GMT+12:00) Pacific, Funafuti": "(GMT+12:00) Fic, Funafuti",
  "(GMT+12:00) Pacific, Kwajalein": "(GMT+12:00) fic, Kwajalein",
  "(GMT+12:00) Pacific, Majuro": "(GMT+12:00) fic, Majuro",
  "(GMT+12:00) Pacific, Nauru": "(GMT+12:00) fic, Nauru",
  "(GMT+12:00) Pacific, Tarawa": "(GMT+12:00) fic, Tarawa",
  "(GMT+12:00) Pacific, Wake": "(GMT+12:00) fic, despertar",
  "(GMT+12:00) Pacific, Wallis": "(GMT+12:00) fic, Wallis",
  "(GMT+12:45) Pacific, Chatham": "(GMT+12:45) Fic, Catham",
  "(GMT+13:00) Pacific, Apia": "(GMT+13:00) fic, Apia",
  "(GMT+13:00) Pacific, Fakaofo": "(GMT+13:00) Pacific, Fakaofo",
  "(GMT+13:00) Pacific, Kanton": "(GMT+13:00) fic, Kanton",
  "(GMT+13:00) Pacific, Tongatapu": "(GMT+13:00) fic, Tongatapu",
  "(GMT+14:00) Pacific, Kiritimati": "(GMT+14:00) Fic, Kiritimati",
  "Sunday": "Domingo",
  "Monday": "Lunes",
  "Tuesday": "Martes",
  "Wednesday": "Miércoles",
  "Thursday": "Jueves",
  "Friday": "Viernes",
  "Saturday": "Sábado"
}