{
  "1": "1",
  "2": "2",
  "3": "3",
  "4": "4",
  "5": "5",
  "6": "6",
  "7": "7",
  "8": "8",
  "9": "9",
  "10": "10",
  "11": "11",
  "12": "12",
  "13": "13",
  "14": "14",
  "15": "15",
  "16": "16",
  "17": "17",
  "18": "18",
  "19": "19",
  "20": "20",
  "21": "21",
  "22": "22",
  "23": "23",
  "24": "24",
  "25": "25",
  "26": "26",
  "27": "27",
  "28": "28",
  "29": "29",
  "30": "30",
  "31": "31",
  "Trigger flow with fixed schedule": "固定スケジュールでフローをトリガーする",
  "Every X Minutes": "X分ごと",
  "Every Hour": "1時間ごと",
  "Every Day": "毎日",
  "Every Week": "毎週",
  "Every Month": "毎月",
  "Cron Expression": "Cron Expression",
  "Triggers the current flow every X minutes": "X分ごとに電流をトリガーします",
  "Triggers the current flow every hour": "1時間ごとに現在の流れをトリガーします",
  "Triggers the current flow every day": "毎日現在の流れをトリガーします",
  "Triggers the current flow every week": "毎週現在の流れをトリガーします",
  "Triggers the current flow every month": "毎月現在の流れをトリガーします",
  "Trigger based on cron expression": "cron式に基づいてトリガー",
  "Minutes": "分",
  "Run on weekends (Sat,Sun)": "週末(土・日)",
  "Hour of the day": "1日の時間",
  "Timezone": "Timezone",
  "Day of the week": "Day of the week",
  "Day of the month": "月の日",
  "Valid value between 1 to 59.": "1から59までの有効な値です。",
  "Cron expression to trigger": "トリガーするCron表現",
  "1 minute": "1分",
  "2 minutes": "2分",
  "3 minutes": "3分",
  "4 minutes": "4 分",
  "5 minutes": "5分",
  "6 minutes": "6分",
  "7 minutes": "7 分",
  "8 minutes": "8 分",
  "9 minutes": "9 分",
  "10 minutes": "10分",
  "11 minutes": "11分",
  "12 minutes": "12 分",
  "13 minutes": "13分",
  "14 minutes": "14分",
  "15 minutes": "15分",
  "16 minutes": "16分",
  "17 minutes": "17分",
  "18 minutes": "18 分",
  "19 minutes": "19分",
  "20 minutes": "20 分",
  "21 minutes": "21 分",
  "22 minutes": "22分",
  "23 minutes": "23分",
  "24 minutes": "24時間",
  "25 minutes": "25 分",
  "26 minutes": "26分",
  "27 minutes": "27分",
  "28 minutes": "28分",
  "29 minutes": "29分",
  "30 minutes": "30分",
  "31 minutes": "31 分",
  "32 minutes": "32分",
  "33 minutes": "33 分",
  "34 minutes": "34 分",
  "35 minutes": "35 分",
  "36 minutes": "36分",
  "37 minutes": "37 分",
  "38 minutes": "38 分",
  "39 minutes": "39 分",
  "40 minutes": "40 分",
  "41 minutes": "41 分",
  "42 minutes": "42 分",
  "43 minutes": "43 分",
  "44 minutes": "44分",
  "45 minutes": "45 分",
  "46 minutes": "46 分",
  "47 minutes": "47 分",
  "48 minutes": "48 分",
  "49 minutes": "49分",
  "50 minutes": "50 分",
  "51 minutes": "51 分",
  "52 minutes": "52分",
  "53 minutes": "53分",
  "54 minutes": "54 分",
  "55 minutes": "55 分",
  "56 minutes": "56 分",
  "57 minutes": "57分",
  "58 minutes": "58分",
  "59 minutes": "59 分",
  "Midnight": "ミッドナイト",
  "1 am": "午前 1 時",
  "2 am": "午前 2 時",
  "3 am": "午前 3 時",
  "4 am": "午前 4 時",
  "5 am": "午前 5 時",
  "6 am": "午前 6 時",
  "7 am": "午前 7 時",
  "8 am": "午前 8 時",
  "9 am": "午前 9 時",
  "10 am": "午前 10 時",
  "11 am": "午前11時...",
  "Noon": "正午までに",
  "1 pm": "午後1:",
  "2 pm": "午後2時。",
  "3 pm": "午後3時頃",
  "4 pm": "午後4時。",
  "5 pm": "午後 5",
  "6 pm": "6pm",
  "7 pm": "午後7時。",
  "8 pm": "午後8時。",
  "9 pm": "9pm",
  "10 pm": "午後10時。",
  "11 pm": "午後11時。",
  "(GMT-11:00) Pacific, Midway": "(GMT-11:00) Pacific, Midway",
  "(GMT-11:00) Pacific, Niue": "(GMT-11:00) 太平洋, ニウエ島",
  "(GMT-11:00) Pacific, Pago Pago": "(GMT-11:00) 太平洋、パゴパゴ",
  "(GMT-10:00) Pacific, Honolulu": "(GMT-10:00) ホノルル、太平洋、",
  "(GMT-10:00) Pacific, Rarotonga": "(GMT-10:00) Pacific, Rarotonga",
  "(GMT-10:00) Pacific, Tahiti": "(GMT-10:00) 太平洋, タヒチ",
  "(GMT-09:30) Pacific, Marquesas": "(GMT-09:30) 太平洋, マルケサス",
  "(GMT-09:00) America, Adak": "(GMT-09:00) アメリカ, アダック",
  "(GMT-09:00) Pacific, Gambier": "(GMT-09:00) 太平洋、ガンビア",
  "(GMT-08:00) America, Anchorage": "(GMT-08:00) アメリカ アンカレッジ",
  "(GMT-08:00) America, Juneau": "(GMT-08:00) America, Juneau",
  "(GMT-08:00) America, Metlakatla": "(GMT-08:00) America, Metlakatla",
  "(GMT-08:00) America, Nome": "(GMT-08:00) アメリカ,ノーム",
  "(GMT-08:00) America, Sitka": "(GMT-08:00) America, Sitka",
  "(GMT-08:00) America, Yakutat": "(GMT-08:00) America, Yakutat",
  "(GMT-08:00) Pacific, Pitcairn": "(GMT-08:00) 太平洋, ピトケアン",
  "(GMT-07:00) America, Creston": "(GMT-07:00) アメリカ, クレストン",
  "(GMT-07:00) America, Dawson": "(GMT-07:00) アメリカ, ドーソン",
  "(GMT-07:00) America, Dawson Creek": "(GMT-07:00) アメリカ, ドーソン・クリーク",
  "(GMT-07:00) America, Fort Nelson": "(GMT-07:00) アメリカ フォートネルソン",
  "(GMT-07:00) America, Hermosillo": "(GMT-07:00) アメリカ, エルモシロ",
  "(GMT-07:00) America, Los Angeles": "(GMT-07:00) アメリカ, ロサンゼルス",
  "(GMT-07:00) America, Mazatlan": "(GMT-07:00) America, Mazatlan",
  "(GMT-07:00) America, Phoenix": "(GMT-07:00) アメリカ, フェニックス",
  "(GMT-07:00) America, Tijuana": "(GMT-07:00) アメリカ, ティフアナ",
  "(GMT-07:00) America, Vancouver": "(GMT-07:00) America, Vancouver",
  "(GMT-07:00) America, Whitehorse": "(GMT-07:00) アメリカ、ホワイトホース",
  "(GMT-06:00) America, Bahia Banderas": "(GMT-06:00) America, Bahia Banderas",
  "(GMT-06:00) America, Belize": "(GMT-06:00) アメリカ, ベリーズ",
  "(GMT-06:00) America, Boise": "(GMT-06:00) America, Boise",
  "(GMT-06:00) America, Cambridge Bay": "(GMT-06:00) アメリカケンブリッジベイ",
  "(GMT-06:00) America, Chihuahua": "(GMT-06:00) America, Chihuahua",
  "(GMT-06:00) America, Ciudad Juarez": "(GMT-06:00) America, Ciudad Juarez",
  "(GMT-06:00) America, Costa Rica": "(GMT-06:00) アメリカ、コスタリカ",
  "(GMT-06:00) America, Denver": "(GMT-06:00) アメリカ, デンバー",
  "(GMT-06:00) America, Edmonton": "(GMT-06:00) アメリカ, エドモントン",
  "(GMT-06:00) America, El Salvador": "(GMT-06:00) アメリカ エルサルバドル",
  "(GMT-06:00) America, Guatemala": "(GMT-06:00) America, Guatemala",
  "(GMT-06:00) America, Inuvik": "(GMT-06:00) America, Inuvik",
  "(GMT-06:00) America, Managua": "(GMT-06:00) America, Managua",
  "(GMT-06:00) America, Merida": "(GMT-06:00) アメリカ, メリダ",
  "(GMT-06:00) America, Mexico City": "(GMT-06:00) アメリカ、メキシコシティ",
  "(GMT-06:00) America, Monterrey": "(GMT-06:00) America, Monterrey",
  "(GMT-06:00) America, Regina": "(GMT-06:00) アメリカ, レジナ",
  "(GMT-06:00) America, Swift Current": "(GMT-06:00) アメリカ, Swift Current",
  "(GMT-06:00) America, Tegucigalpa": "(GMT-06:00) アメリカ, テグシガルパ",
  "(GMT-06:00) Pacific, Easter": "(GMT-06:00) 太平洋, イースター島",
  "(GMT-06:00) Pacific, Galapagos": "(GMT-06:00) 太平洋, ガラパゴス",
  "(GMT-05:00) America, Atikokan": "(GMT-05:00) America, Atikokan",
  "(GMT-05:00) America, Bogota": "(GMT-05:00) America, Bogota",
  "(GMT-05:00) America, Cancun": "(GMT-05:00) アメリカ, カンクン",
  "(GMT-05:00) America, Cayman": "(GMT-05:00) アメリカ, ケイマン",
  "(GMT-05:00) America, Chicago": "(GMT-05:00) アメリカ、シカゴ",
  "(GMT-05:00) America, Eirunepe": "(GMT-05:00) アメリカ, アイルネペ",
  "(GMT-05:00) America, Guayaquil": "(GMT-05:00) America, Guayaquil",
  "(GMT-05:00) America, Indiana, Knox": "(GMT-05:00) アメリカインディアナ州、ノックス",
  "(GMT-05:00) America, Indiana, Tell City": "(GMT-05:00) アメリカインディアナ州、シティーに伝えてください",
  "(GMT-05:00) America, Jamaica": "(GMT-05:00) アメリカ ジャマイカ",
  "(GMT-05:00) America, Lima": "(GMT-05:00) アメリカ, リマ",
  "(GMT-05:00) America, Matamoros": "(GMT-05:00) アメリカ, マタモロス",
  "(GMT-05:00) America, Menominee": "(GMT-05:00) アメリカ、メノミニー",
  "(GMT-05:00) America, North Dakota, Beulah": "(GMT-05:00) アメリカ、ノースダコタ、ベウラ",
  "(GMT-05:00) America, North Dakota, Center": "(GMT-05:00) アメリカ、ノースダコタ、センター",
  "(GMT-05:00) America, North Dakota, New Salem": "(GMT-05:00) アメリカ、ノースダコタ、ニューセーラム",
  "(GMT-05:00) America, Ojinaga": "(GMT-05:00) アメリカ, Ojinaga",
  "(GMT-05:00) America, Panama": "(GMT-05:00) アメリカパナマ共和国",
  "(GMT-05:00) America, Rankin Inlet": "(GMT-05:00) アメリカ、ランキンインレット",
  "(GMT-05:00) America, Resolute": "(GMT-05:00) アメリカ, レゾリュート",
  "(GMT-05:00) America, Rio Branco": "(GMT-05:00) America, Rio Branco",
  "(GMT-05:00) America, Winnipeg": "(GMT-05:00) アメリカウィニペグ",
  "(GMT-04:00) America, Anguilla": "(GMT-04:00) アメリカ アンギラ",
  "(GMT-04:00) America, Antigua": "(GMT-04:00) アメリカ アンティグア",
  "(GMT-04:00) America, Aruba": "(GMT-04:00) アメリカ, アルバ",
  "(GMT-04:00) America, Asuncion": "(GMT-04:00) アメリカ アスンソン",
  "(GMT-04:00) America, Barbados": "(GMT-04:00) アメリカバルバドス",
  "(GMT-04:00) America, Blanc-Sablon": "(GMT-04:00) アメリカ、ブラン・サブロン",
  "(GMT-04:00) America, Boa Vista": "(GMT-04:00) アメリカ、ボア・ビスタ",
  "(GMT-04:00) America, Campo Grande": "(GMT-04:00) アメリカ カンポ グランデ",
  "(GMT-04:00) America, Caracas": "(GMT-04:00) アメリカ カラカス",
  "(GMT-04:00) America, Cuiaba": "(GMT-04:00) アメリカ、クイアバ",
  "(GMT-04:00) America, Curacao": "(GMT-04:00) アメリカ, キュラソー島",
  "(GMT-04:00) America, Detroit": "(GMT-04:00) アメリカ デトロイト",
  "(GMT-04:00) America, Dominica": "(GMT-04:00) アメリカ ドミニカ",
  "(GMT-04:00) America, Grand Turk": "(GMT-04:00) アメリカ、グランドターク",
  "(GMT-04:00) America, Grenada": "(GMT-04:00) アメリカ, グレナダ",
  "(GMT-04:00) America, Guadeloupe": "(GMT-04:00) America, Guadeloupe",
  "(GMT-04:00) America, Guyana": "(GMT-04:00) アメリカ ガイアナ",
  "(GMT-04:00) America, Havana": "(GMT-04:00) America, Havana",
  "(GMT-04:00) America, Indiana, Indianapolis": "(GMT-04:00) アメリカインディアナ、インディアナポリス",
  "(GMT-04:00) America, Indiana, Marengo": "(GMT-04:00) アメリカインディアナ州、マレンゴ",
  "(GMT-04:00) America, Indiana, Petersburg": "(GMT-04:00) アメリカ、インディアナ、ピーターズバーグ",
  "(GMT-04:00) America, Indiana, Vevay": "(GMT-04:00) アメリカインディアナ州、ヴェベイ",
  "(GMT-04:00) America, Indiana, Vincennes": "(GMT-04:00) アメリカインディアナ州、ビンセンヌ",
  "(GMT-04:00) America, Indiana, Winamac": "(GMT-04:00) アメリカ、インディアナ、ウィナマ",
  "(GMT-04:00) America, Iqaluit": "(GMT-04:00) America, Iqaluit",
  "(GMT-04:00) America, Kentucky, Louisville": "(GMT-04:00) アメリカ、ケンタッキー、ルイビル",
  "(GMT-04:00) America, Kentucky, Monticello": "(GMT-04:00) アメリカ、ケンタッキー州、モンティセロ",
  "(GMT-04:00) America, Kralendijk": "(GMT-04:00) America, Kralendijk",
  "(GMT-04:00) America, La Paz": "(GMT-04:00) アメリカ、ラパス",
  "(GMT-04:00) America, Lower Princes": "(GMT-04:00) アメリカ、ローワー・プリンスズ",
  "(GMT-04:00) America, Manaus": "(GMT-04:00) America, Manaus",
  "(GMT-04:00) America, Marigot": "(GMT-04:00) アメリカ, マリゴット",
  "(GMT-04:00) America, Martinique": "(GMT-04:00) アメリカ マルティニーク",
  "(GMT-04:00) America, Montserrat": "(GMT-04:00) America, Montserrat",
  "(GMT-04:00) America, Nassau": "(GMT-04:00) America, Nassau",
  "(GMT-04:00) America, New York": "(GMT-04:00) アメリカ, ニューヨーク",
  "(GMT-04:00) America, Port of Spain": "(GMT-04:00) アメリカ、スペインの港",
  "(GMT-04:00) America, Port-au-Prince": "(GMT-04:00) アメリカ ポルトープランス島",
  "(GMT-04:00) America, Porto Velho": "(GMT-04:00) America, Porto Velho",
  "(GMT-04:00) America, Puerto Rico": "(GMT-04:00) アメリカ, プエルトリコ",
  "(GMT-04:00) America, Santiago": "(GMT-04:00) アメリカ サンティアゴ",
  "(GMT-04:00) America, Santo Domingo": "(GMT-04:00) アメリカ、サントドミンゴ",
  "(GMT-04:00) America, St. Barthelemy": "(GMT-04:00) America, St. Barthelemy",
  "(GMT-04:00) America, St. Kitts": "(GMT-04:00) アメリカ、セントキッツ",
  "(GMT-04:00) America, St. Lucia": "(GMT-04:00) America, St. Lucia",
  "(GMT-04:00) America, St. Thomas": "(GMT-04:00) アメリカ、セント・トマス島",
  "(GMT-04:00) America, St. Vincent": "(GMT-04:00) アメリカ, セントビンセント",
  "(GMT-04:00) America, Toronto": "(GMT-04:00) アメリカ, トロント",
  "(GMT-04:00) America, Tortola": "(GMT-04:00) アメリカ, トルトラ島",
  "(GMT-03:00) America, Araguaina": "(GMT-03:00) America, Araguaina",
  "(GMT-03:00) America, Argentina, Buenos Aires": "(GMT-03:00) America, Argentina, Buenos Aires",
  "(GMT-03:00) America, Argentina, Catamarca": "(GMT-03:00) アメリカ, アルゼンチン, カタマルカ",
  "(GMT-03:00) America, Argentina, Cordoba": "(GMT-03:00) アメリカ、アルゼンチン、コルドバ",
  "(GMT-03:00) America, Argentina, Jujuy": "(GMT-03:00) America, Argentina, Jujuy",
  "(GMT-03:00) America, Argentina, La Rioja": "(GMT-03:00) アメリカ, アルゼンチン, ラ・リオハ",
  "(GMT-03:00) America, Argentina, Mendoza": "(GMT-03:00) アメリカ, アルゼンチン, メンドーザ",
  "(GMT-03:00) America, Argentina, Rio Gallegos": "(GMT-03:00) America, Argentina, Rio Gallegos",
  "(GMT-03:00) America, Argentina, Salta": "(GMT-03:00) アメリカ, アルゼンチン, サルタ",
  "(GMT-03:00) America, Argentina, San Juan": "(GMT-03:00) アメリカ, アルゼンチン, サンフアン",
  "(GMT-03:00) America, Argentina, San Luis": "(GMT-03:00) アメリカ, アルゼンチン, サン・ルイス",
  "(GMT-03:00) America, Argentina, Tucuman": "(GMT-03:00) アメリカ, アルゼンチン, トゥクマン",
  "(GMT-03:00) America, Argentina, Ushuaia": "(GMT-03:00) America, Argentina, Ushuaia",
  "(GMT-03:00) America, Bahia": "(GMT-03:00) America, Bahia",
  "(GMT-03:00) America, Belem": "(GMT-03:00) America, Belem",
  "(GMT-03:00) America, Cayenne": "(GMT-03:00) アメリカ、カイエン、",
  "(GMT-03:00) America, Fortaleza": "(GMT-03:00) アメリカ, フォルタレザ",
  "(GMT-03:00) America, Glace Bay": "(GMT-03:00) アメリカ、グレース・ベイ",
  "(GMT-03:00) America, Goose Bay": "(GMT-03:00) アメリカ、ガチョウベイ",
  "(GMT-03:00) America, Halifax": "(GMT-03:00) アメリカ, ハリファックス",
  "(GMT-03:00) America, Maceio": "(GMT-03:00) アメリカ, マセイオ",
  "(GMT-03:00) America, Moncton": "(GMT-03:00) America, Moncton",
  "(GMT-03:00) America, Montevideo": "(GMT-03:00) アメリカモンテビデオ",
  "(GMT-03:00) America, Paramaribo": "(GMT-03:00) アメリカ, パラマリボ",
  "(GMT-03:00) America, Punta Arenas": "(GMT-03:00) アメリカ, プンタアリーナ",
  "(GMT-03:00) America, Recife": "(GMT-03:00) アメリカ, レシフ",
  "(GMT-03:00) America, Santarem": "(GMT-03:00) アメリカ, サンタレ",
  "(GMT-03:00) America, Sao Paulo": "(GMT-03:00) America, Sao Paulo",
  "(GMT-03:00) America, Thule": "(GMT-03:00) アメリカ, トゥーレ",
  "(GMT-03:00) Antarctica, Palmer": "(GMT-03:00) 南極, パーマー",
  "(GMT-03:00) Antarctica, Rothera": "(GMT-03:00) 南極, ロゼラ",
  "(GMT-03:00) Atlantic, Bermuda": "(GMT-03:00) 大西洋バミューダ",
  "(GMT-03:00) Atlantic, Stanley": "(GMT-03:00) 大西洋、スタンリー",
  "(GMT-02:30) America, St. Johns": "(GMT-02:30) アメリカ セントジョンズ",
  "(GMT-02:00) America, Miquelon": "(GMT-02:00) アメリカ ミクロン島",
  "(GMT-02:00) America, Noronha": "(GMT-02:00) アメリカ、ノローニャ",
  "(GMT-02:00) America, Nuuk": "(GMT-02:00) America, Nuuk",
  "(GMT-02:00) Atlantic, South Georgia": "(GMT-02:00) 大西洋, 南アフリカ",
  "(GMT-01:00) Atlantic, Cape Verde": "(GMT-01:00) 大西洋、カーボベルデ",
  "(GMT) Africa, Abidjan": "(GMT) アフリカ, アビジャン",
  "(GMT) Africa, Accra": "(GMT) アフリカ, アクラ",
  "(GMT) Africa, Bamako": "(GMT) アフリカ, バマコ",
  "(GMT) Africa, Banjul": "(GMT) Africa, Banjul",
  "(GMT) Africa, Bissau": "(GMT)アフリカ、ビサウ",
  "(GMT) Africa, Conakry": "(GMT) Africa, Conakry",
  "(GMT) Africa, Dakar": "(GMT) アフリカ, ダカール",
  "(GMT) Africa, Freetown": "(GMT) アフリカ、フリータウン",
  "(GMT) Africa, Lome": "(GMT) アフリカ、ロメ",
  "(GMT) Africa, Monrovia": "(GMT)アフリカ、モンロビア",
  "(GMT) Africa, Nouakchott": "(GMT) アフリカ、ヌアクショット",
  "(GMT) Africa, Ouagadougou": "(GMT) Africa, Ouagadougou",
  "(GMT) Africa, Sao Tome": "(GMT) Africa, Sao Tome",
  "(GMT) America, Danmarkshavn": "(GMT) America, Danmarkshavn",
  "(GMT) America, Scoresbysund": "(GMT) America, Scoresbysund",
  "(GMT) Atlantic, Azores": "(GMT) 大西洋、アゾレス諸島",
  "(GMT) Atlantic, Reykjavik": "(GMT) Atlantic, Reykjavik",
  "(GMT) Atlantic, St. Helena": "(GMT) 大西洋, セントヘレナ島",
  "(GMT) UTC": "(GMT)",
  "(GMT+01:00) Africa, Algiers": "(GMT+01:00) Africa, Algiers",
  "(GMT+01:00) Africa, Bangui": "(GMT+01:00) アフリカ, バンギ",
  "(GMT+01:00) Africa, Brazzaville": "(GMT+01:00) アフリカ、ブラザビル",
  "(GMT+01:00) Africa, Casablanca": "(GMT+01:00) アフリカ、カサブランカ",
  "(GMT+01:00) Africa, Douala": "(GMT+01:00) Africa, Douala",
  "(GMT+01:00) Africa, El Aaiun": "(GMT+01:00) Africa, El Aaiun",
  "(GMT+01:00) Africa, Kinshasa": "(GMT+01:00) Africa, Kinshasa",
  "(GMT+01:00) Africa, Lagos": "(GMT+01:00) Africa, Lagos",
  "(GMT+01:00) Africa, Libreville": "(GMT+01:00) アフリカ、リブレビル",
  "(GMT+01:00) Africa, Luanda": "(GMT+01:00) アフリカ, ルアンダ",
  "(GMT+01:00) Africa, Malabo": "(GMT+01:00) Africa, Malabo",
  "(GMT+01:00) Africa, Ndjamena": "(GMT+01:00) アフリカ, ンジャメナ",
  "(GMT+01:00) Africa, Niamey": "(GMT+01:00) Africa, Niamey",
  "(GMT+01:00) Africa, Porto-Novo": "(GMT+01:00) アフリカ、ポルトノボ",
  "(GMT+01:00) Africa, Tunis": "(GMT+01:00) アフリカ、チュニス",
  "(GMT+01:00) Atlantic, Canary": "(GMT+01:00) 大西洋、カナリア",
  "(GMT+01:00) Atlantic, Faroe": "(GMT+01:00) 大西洋、フェロー語",
  "(GMT+01:00) Atlantic, Madeira": "(GMT+01:00) 大西洋、マデイラ諸島",
  "(GMT+01:00) Europe, Dublin": "(GMT+01:00) ヨーロッパ ダブリン",
  "(GMT+01:00) Europe, Guernsey": "(GMT+01:00) ヨーロッパ、ガーンジー島",
  "(GMT+01:00) Europe, Isle of Man": "(GMT+01:00) ヨーロッパ、マン島",
  "(GMT+01:00) Europe, Jersey": "(GMT+01:00) ヨーロッパ, ジャージー",
  "(GMT+01:00) Europe, Lisbon": "(GMT+01:00) ヨーロッパ、リスボン",
  "(GMT+01:00) Europe, London": "(GMT+01:00) ヨーロッパ、ロンドン",
  "(GMT+02:00) Africa, Blantyre": "(GMT+02:00) Africa, Blantyre",
  "(GMT+02:00) Africa, Bujumbura": "(GMT+02:00) Africa, Bujumbura",
  "(GMT+02:00) Africa, Ceuta": "(GMT+02:00) アフリカ, セウタ",
  "(GMT+02:00) Africa, Gaborone": "(GMT+02:00) Africa, Gaborone",
  "(GMT+02:00) Africa, Harare": "(GMT+02:00) アフリカ、ハラレ",
  "(GMT+02:00) Africa, Johannesburg": "(GMT+02:00) アフリカ、ヨハネスブルグ",
  "(GMT+02:00) Africa, Juba": "(GMT+02:00) Africa, Juba",
  "(GMT+02:00) Africa, Khartoum": "(GMT+02:00) Africa, Khartoum",
  "(GMT+02:00) Africa, Kigali": "(GMT+02:00) Africa, Kigali",
  "(GMT+02:00) Africa, Lubumbashi": "(GMT+02:00) アフリカ、ルブンバシ",
  "(GMT+02:00) Africa, Lusaka": "(GMT+02:00) アフリカ, ルサカ",
  "(GMT+02:00) Africa, Maputo": "(GMT+02:00) アフリカ、マプト語",
  "(GMT+02:00) Africa, Maseru": "(GMT+02:00) アフリカ, マセル",
  "(GMT+02:00) Africa, Mbabane": "(GMT+02:00) Africa, Mbabane",
  "(GMT+02:00) Africa, Tripoli": "(GMT+02:00) アフリカ、トリポリス",
  "(GMT+02:00) Africa, Windhoek": "(GMT+02:00) アフリカ、ウィントフック",
  "(GMT+02:00) Antarctica, Troll": "(GMT+02:00) 南極、トロール島",
  "(GMT+02:00) Arctic, Longyearbyen": "(GMT+02:00) 北極, ロングイヤービーン",
  "(GMT+02:00) Europe, Amsterdam": "(GMT+02:00) ヨーロッパ, アムステルダム",
  "(GMT+02:00) Europe, Andorra": "(GMT+02:00) ヨーロッパ, アンドラ",
  "(GMT+02:00) Europe, Belgrade": "(GMT+02:00) ヨーロッパ, ベオグラード",
  "(GMT+02:00) Europe, Berlin": "(GMT+02:00) ヨーロッパ、ベルリン",
  "(GMT+02:00) Europe, Bratislava": "(GMT+02:00) Europe, Bratislava",
  "(GMT+02:00) Europe, Brussels": "(GMT+02:00) ヨーロッパ、ブリュッセル",
  "(GMT+02:00) Europe, Budapest": "(GMT+02:00) Europe, Budapest",
  "(GMT+02:00) Europe, Busingen": "(GMT+02:00) ヨーロッパ, Busingen",
  "(GMT+02:00) Europe, Copenhagen": "(GMT+02:00) ヨーロッパ, コペンハーゲン",
  "(GMT+02:00) Europe, Gibraltar": "(GMT+02:00) ヨーロッパ, ジブラルタル",
  "(GMT+02:00) Europe, Kaliningrad": "(GMT+02:00) ヨーロッパ, カリーニングラード",
  "(GMT+02:00) Europe, Ljubljana": "(GMT+02:00) ヨーロッパ、リュブリャナ",
  "(GMT+02:00) Europe, Luxembourg": "(GMT+02:00) ヨーロッパ, ルクセンブルク",
  "(GMT+02:00) Europe, Madrid": "(GMT+02:00) ヨーロッパ, マドリード",
  "(GMT+02:00) Europe, Malta": "(GMT+02:00) ヨーロッパ, マルタ",
  "(GMT+02:00) Europe, Monaco": "(GMT+02:00) ヨーロッパ, Monaco",
  "(GMT+02:00) Europe, Oslo": "(GMT+02:00) ヨーロッパ, オスロ",
  "(GMT+02:00) Europe, Paris": "(GMT+02:00) ヨーロッパ、パリ",
  "(GMT+02:00) Europe, Podgorica": "(GMT+02:00) ヨーロッパ, ポドゴリツァ",
  "(GMT+02:00) Europe, Prague": "(GMT+02:00) ヨーロッパ, プラハ",
  "(GMT+02:00) Europe, Rome": "(GMT+02:00) ヨーロッパ、ローマ",
  "(GMT+02:00) Europe, San Marino": "(GMT+02:00) ヨーロッパ, サンマリノ",
  "(GMT+02:00) Europe, Sarajevo": "(GMT+02:00) Europe, Sarajevo",
  "(GMT+02:00) Europe, Skopje": "(GMT+02:00) ヨーロッパ, スコピエ",
  "(GMT+02:00) Europe, Stockholm": "(GMT+02:00) ヨーロッパ, ストックホルム",
  "(GMT+02:00) Europe, Tirane": "(GMT+02:00) ヨーロッパ, ティラナ",
  "(GMT+02:00) Europe, Vaduz": "(GMT+02:00) ヨーロッパ, バドゥズ",
  "(GMT+02:00) Europe, Vatican": "(GMT+02:00) ヨーロッパ, バチカン",
  "(GMT+02:00) Europe, Vienna": "(GMT+02:00) ヨーロッパ, ウィーン",
  "(GMT+02:00) Europe, Warsaw": "(GMT+02:00) ヨーロッパ, ワルシャワ",
  "(GMT+02:00) Europe, Zagreb": "(GMT+02:00) ヨーロッパ ザグレブ",
  "(GMT+02:00) Europe, Zurich": "(GMT+02:00) ヨーロッパ, チューリッヒ",
  "(GMT+03:00) Africa, Addis Ababa": "(GMT+03:00) アフリカ, アディスアベバ",
  "(GMT+03:00) Africa, Asmara": "(GMT+03:00) アフリカ, アスマラ",
  "(GMT+03:00) Africa, Cairo": "(GMT+03:00) アフリカ、カイロ",
  "(GMT+03:00) Africa, Dar es Salaam": "(GMT+03:00) アフリカ、ダルエスサラーム",
  "(GMT+03:00) Africa, Djibouti": "(GMT+03:00) Africa, Djibouti",
  "(GMT+03:00) Africa, Kampala": "(GMT+03:00) アフリカ, カンパラ州",
  "(GMT+03:00) Africa, Mogadishu": "(GMT+03:00) Africa, Mogadishu",
  "(GMT+03:00) Africa, Nairobi": "(GMT+03:00) アフリカ、ナイロビ",
  "(GMT+03:00) Antarctica, Syowa": "(GMT+03:00) 南極, 昭和州",
  "(GMT+03:00) Asia, Aden": "(GMT+03:00) アジア, アデン",
  "(GMT+03:00) Asia, Amman": "(GMT+03:00) アジア, アンマン",
  "(GMT+03:00) Asia, Baghdad": "(GMT+03:00) Asia, Baghdad",
  "(GMT+03:00) Asia, Bahrain": "(GMT+03:00) アジア, バーレーン",
  "(GMT+03:00) Asia, Beirut": "(GMT+03:00) アジア, ベイルート",
  "(GMT+03:00) Asia, Damascus": "(GMT+03:00) アジア, ダマスカス",
  "(GMT+03:00) Asia, Famagusta": "(GMT+03:00) Asia, Famagusta",
  "(GMT+03:00) Asia, Gaza": "(GMT+03:00) アジア, ガザ",
  "(GMT+03:00) Asia, Hebron": "(GMT+03:00) アジア, ヘブロン語",
  "(GMT+03:00) Asia, Jerusalem": "(GMT+03:00) アジア, エルサレム.",
  "(GMT+03:00) Asia, Kuwait": "(GMT+03:00) アジア, クウェート",
  "(GMT+03:00) Asia, Nicosia": "(GMT+03:00) Asia, Nicosia",
  "(GMT+03:00) Asia, Qatar": "(GMT+03:00) アジア, カタール",
  "(GMT+03:00) Asia, Riyadh": "(GMT+03:00) Asia, Riyadh",
  "(GMT+03:00) Europe, Athens": "(GMT+03:00) ヨーロッパ, アテネ",
  "(GMT+03:00) Europe, Bucharest": "(GMT+03:00) ヨーロッパ, ブカレスト",
  "(GMT+03:00) Europe, Chisinau": "(GMT+03:00) ヨーロッパ, キシナウ",
  "(GMT+03:00) Europe, Helsinki": "(GMT+03:00) Europe, Helsinki",
  "(GMT+03:00) Europe, Istanbul": "(GMT+03:00) Europe, Istanbul",
  "(GMT+03:00) Europe, Kirov": "(GMT+03:00) Europe, Kirov",
  "(GMT+03:00) Europe, Kyiv": "(GMT+03:00) ヨーロッパ, キエフ島",
  "(GMT+03:00) Europe, Mariehamn": "(GMT+03:00) ヨーロッパ, マリエハムン",
  "(GMT+03:00) Europe, Minsk": "(GMT+03:00) ヨーロッパ, ミンスク",
  "(GMT+03:00) Europe, Moscow": "(GMT+03:00) ヨーロッパ, モスクワ",
  "(GMT+03:00) Europe, Riga": "(GMT+03:00) ヨーロッパ, リガ",
  "(GMT+03:00) Europe, Simferopol": "(GMT+03:00) ヨーロッパ, シンフェロポ",
  "(GMT+03:00) Europe, Sofia": "(GMT+03:00) ヨーロッパ, ソフィア",
  "(GMT+03:00) Europe, Tallinn": "(GMT+03:00) ヨーロッパ, タリン",
  "(GMT+03:00) Europe, Vilnius": "(GMT+03:00) Europe, Vilnius",
  "(GMT+03:00) Europe, Volgograd": "(GMT+03:00) ヨーロッパ, ボルゴグラード",
  "(GMT+03:00) Indian, Antananarivo": "(GMT+03:00) インド、アンタナナリボ",
  "(GMT+03:00) Indian, Comoro": "(GMT+03:00) インド、コモロ",
  "(GMT+03:00) Indian, Mayotte": "(GMT+03:00) インド、マヨット島",
  "(GMT+03:30) Asia, Tehran": "(GMT+03:30) アジア, テヘラン",
  "(GMT+04:00) Asia, Baku": "(GMT+04:00) アジア, バクー",
  "(GMT+04:00) Asia, Dubai": "(GMT+04:00) アジア, ドバイ",
  "(GMT+04:00) Asia, Muscat": "(GMT+04:00) アジア, マスカット",
  "(GMT+04:00) Asia, Tbilisi": "(GMT+04:00) アジア, トビリシ",
  "(GMT+04:00) Asia, Yerevan": "(GMT+04:00) アジア, エレバン",
  "(GMT+04:00) Europe, Astrakhan": "(GMT+04:00) ヨーロッパ, アストラカン",
  "(GMT+04:00) Europe, Samara": "(GMT+04:00) ヨーロッパ、サマラ語",
  "(GMT+04:00) Europe, Saratov": "(GMT+04:00) ヨーロッパ, サラトフ",
  "(GMT+04:00) Europe, Ulyanovsk": "(GMT+04:00) Europe, Ulyanovsk",
  "(GMT+04:00) Indian, Mahe": "(GMT+04:00) インド、マヘ島",
  "(GMT+04:00) Indian, Mauritius": "(GMT+04:00) Indian, Mauritius",
  "(GMT+04:00) Indian, Reunion": "(GMT+04:00) インド、レユニオン島",
  "(GMT+04:30) Asia, Kabul": "(GMT+04:30) アジア",
  "(GMT+05:00) Antarctica, Mawson": "(GMT+05:00) Antarctica, Mawson",
  "(GMT+05:00) Asia, Aqtau": "(GMT+05:00) Asia, Aqtau",
  "(GMT+05:00) Asia, Aqtobe": "(GMT+05:00) アジア, アクトベ",
  "(GMT+05:00) Asia, Ashgabat": "(GMT+05:00) Asia, Ashgabat",
  "(GMT+05:00) Asia, Atyrau": "(GMT+05:00) Asia, Atyrau",
  "(GMT+05:00) Asia, Dushanbe": "(GMT+05:00) Asia, Dushanbe",
  "(GMT+05:00) Asia, Karachi": "(GMT+05:00) アジア、カラチ",
  "(GMT+05:00) Asia, Oral": "(GMT+05:00) アジア, オラル",
  "(GMT+05:00) Asia, Qyzylorda": "(GMT+05:00) アジア, クイジロルダ",
  "(GMT+05:00) Asia, Samarkand": "(GMT+05:00) Asia, Samarkand",
  "(GMT+05:00) Asia, Tashkent": "(GMT+05:00) Asia, Tashkent",
  "(GMT+05:00) Asia, Yekaterinburg": "(GMT+05:00) Asia, Yekaterinburg",
  "(GMT+05:00) Indian, Kerguelen": "(GMT+05:00) インド、ケルゲレン",
  "(GMT+05:00) Indian, Maldives": "(GMT+05:00) インド, モルディブ共和国",
  "(GMT+05:30) Asia, Colombo": "(GMT+05:30) アジア, コロンボ",
  "(GMT+05:30) Asia, Kolkata": "(GMT+05:30) アジア, コルカ",
  "(GMT+05:45) Asia, Kathmandu": "(GMT+05:45) Asia, Kathmandu",
  "(GMT+06:00) Antarctica, Vostok": "(GMT+06:00) 南極, ボストック",
  "(GMT+06:00) Asia, Almaty": "(GMT+06:00) アジア、アルマティ",
  "(GMT+06:00) Asia, Bishkek": "(GMT+06:00) Asia, Bishkek",
  "(GMT+06:00) Asia, Dhaka": "(GMT+06:00) Asia, Dhaka",
  "(GMT+06:00) Asia, Omsk": "(GMT+06:00) アジア, オムスク",
  "(GMT+06:00) Asia, Qostanay": "(GMT+06:00) Asia, Qostanay",
  "(GMT+06:00) Asia, Thimphu": "(GMT+06:00) アジア, ティンフ",
  "(GMT+06:00) Asia, Urumqi": "(GMT+06:00) Asia, Urumqi",
  "(GMT+06:00) Indian, Chagos": "(GMT+06:00) インド、チャゴス",
  "(GMT+06:30) Asia, Yangon": "(GMT+06:30) Asia, Yangon",
  "(GMT+06:30) Indian, Cocos": "(GMT+06:30) インド, ココス島",
  "(GMT+07:00) Antarctica, Davis": "(GMT+07:00) 南極, デイビス",
  "(GMT+07:00) Asia, Bangkok": "(GMT+07:00) Asia, Bangkok",
  "(GMT+07:00) Asia, Barnaul": "(GMT+07:00) アジア, バルナール",
  "(GMT+07:00) Asia, Ho Chi Minh": "(GMT+07:00) Asia, Ho Chi Minh",
  "(GMT+07:00) Asia, Hovd": "(GMT+07:00) アジア, ホブド",
  "(GMT+07:00) Asia, Jakarta": "(GMT+07:00) Asia, Jakarta",
  "(GMT+07:00) Asia, Krasnoyarsk": "(GMT+07:00) Asia, Krasnoyarsk",
  "(GMT+07:00) Asia, Novokuznetsk": "(GMT+07:00) Asia, Novokuznetsk",
  "(GMT+07:00) Asia, Novosibirsk": "(GMT+07:00) Asia, Novosibirsk",
  "(GMT+07:00) Asia, Phnom Penh": "(GMT+07:00) Asia, Phnom Penh",
  "(GMT+07:00) Asia, Pontianak": "(GMT+07:00) アジア, ポンティアナーク",
  "(GMT+07:00) Asia, Tomsk": "(GMT+07:00) アジア, トムスク",
  "(GMT+07:00) Asia, Vientiane": "(GMT+07:00) Asia, Vientiane",
  "(GMT+07:00) Indian, Christmas": "(GMT+07:00) インド、クリスマス",
  "(GMT+08:00) Asia, Brunei": "(GMT+08:00) アジア、ブルネイ、",
  "(GMT+08:00) Asia, Choibalsan": "(GMT+08:00) アジア, チョイバルサン",
  "(GMT+08:00) Asia, Hong Kong": "(GMT+08:00) アジア、香港",
  "(GMT+08:00) Asia, Irkutsk": "(GMT+08:00) Asia, Irkutsk",
  "(GMT+08:00) Asia, Kuala Lumpur": "(GMT+08:00) Asia, Kuala Lumpur",
  "(GMT+08:00) Asia, Kuching": "(GMT+08:00) Asia, Kuching",
  "(GMT+08:00) Asia, Macau": "(GMT+08:00) アジア, マカオ",
  "(GMT+08:00) Asia, Makassar": "(GMT+08:00) アジア、マカッサル語",
  "(GMT+08:00) Asia, Manila": "(GMT+08:00) アジア, マニラ",
  "(GMT+08:00) Asia, Shanghai": "(GMT+08:00) Asia, Shanghai",
  "(GMT+08:00) Asia, Singapore": "(GMT+08:00) アジア, シンガポール",
  "(GMT+08:00) Asia, Taipei": "(GMT+08:00) アジア, 台北",
  "(GMT+08:00) Asia, Ulaanbaatar": "(GMT+08:00) Asia, Ulaanbaatar",
  "(GMT+08:00) Australia, Perth": "(GMT+08:00) オーストラリア, パース",
  "(GMT+08:45) Australia, Eucla": "(GMT+08:45) オーストラリア Eucla",
  "(GMT+09:00) Asia, Chita": "(GMT+09:00) Asia, Chita",
  "(GMT+09:00) Asia, Dili": "(GMT+09:00) Asia, Dili",
  "(GMT+09:00) Asia, Jayapura": "(GMT+09:00) Asia, Jayapura",
  "(GMT+09:00) Asia, Khandyga": "(GMT+09:00) Asia, Khandyga",
  "(GMT+09:00) Asia, Pyongyang": "(GMT+09:00) Asia, Pyongyang",
  "(GMT+09:00) Asia, Seoul": "(GMT+09:00) アジア, ソウル",
  "(GMT+09:00) Asia, Tokyo": "(GMT+09:00) Asia, Tokyo",
  "(GMT+09:00) Asia, Yakutsk": "(GMT+09:00) Asia, Yakutsk",
  "(GMT+09:00) Pacific, Palau": "(GMT+09:00) 太平洋, パラオ",
  "(GMT+09:30) Australia, Adelaide": "(GMT+09:30) オーストラリア アデレード",
  "(GMT+09:30) Australia, Broken Hill": "(GMT+09:30) オーストラリア ブロークンヒル",
  "(GMT+09:30) Australia, Darwin": "(GMT+09:30) オーストラリア, Darwin",
  "(GMT+10:00) Antarctica, DumontDUrville": "(GMT+10:00) Antarctica, DumontDUrville",
  "(GMT+10:00) Antarctica, Macquarie": "(GMT+10:00) 南極, マッコーリー",
  "(GMT+10:00) Asia, Ust-Nera": "(GMT+10:00) アジア, ウストネラ",
  "(GMT+10:00) Asia, Vladivostok": "(GMT+10:00) アジア、ウラジオストク",
  "(GMT+10:00) Australia, Brisbane": "(GMT+10:00) オーストラリア、ブリスベン",
  "(GMT+10:00) Australia, Hobart": "(GMT+10:00) Australia, Hobart",
  "(GMT+10:00) Australia, Lindeman": "(GMT+10:00) オーストラリア、リンデマン",
  "(GMT+10:00) Australia, Melbourne": "(GMT+10:00) オーストラリア、メルボルン",
  "(GMT+10:00) Australia, Sydney": "(GMT+10:00) オーストラリア, シドニー",
  "(GMT+10:00) Pacific, Chuuk": "(GMT+10:00) 太平洋, チューク",
  "(GMT+10:00) Pacific, Guam": "(GMT+10:00) 太平洋、グアム",
  "(GMT+10:00) Pacific, Port Moresby": "(GMT+10:00) 太平洋, ポートモレスビー",
  "(GMT+10:00) Pacific, Saipan": "(GMT+10:00) 太平洋、サイパン",
  "(GMT+10:30) Australia, Lord Howe": "(GMT+10:30) オーストラリア ロード・ハウ(Lord Howe)",
  "(GMT+11:00) Antarctica, Casey": "(GMT+11:00) Antarctica, Casey",
  "(GMT+11:00) Asia, Magadan": "(GMT+11:00) アジア, マガダン",
  "(GMT+11:00) Asia, Sakhalin": "(GMT+11:00) Asia, Sakhalin",
  "(GMT+11:00) Asia, Srednekolymsk": "(GMT+11:00) アジア, スレドネコリムスク",
  "(GMT+11:00) Pacific, Bougainville": "(GMT+11:00) 太平洋, ブーゲンビル",
  "(GMT+11:00) Pacific, Efate": "(GMT+11:00) 太平洋, エファテ",
  "(GMT+11:00) Pacific, Guadalcanal": "(GMT+11:00) 太平洋、ガダルカナル島",
  "(GMT+11:00) Pacific, Kosrae": "(GMT+11:00) 太平洋、コスラエ",
  "(GMT+11:00) Pacific, Norfolk": "(GMT+11:00) 太平洋、ノーフォーク",
  "(GMT+11:00) Pacific, Noumea": "(GMT+11:00) 太平洋ヌメア",
  "(GMT+11:00) Pacific, Pohnpei": "(GMT+11:00) 太平洋, ポン平",
  "(GMT+12:00) Antarctica, McMurdo": "(GMT+12:00) 南極, マクマルド",
  "(GMT+12:00) Asia, Anadyr": "(GMT+12:00) Asia, Anadyr",
  "(GMT+12:00) Asia, Kamchatka": "(GMT+12:00) アジア、カムチャツカ",
  "(GMT+12:00) Pacific, Auckland": "(GMT+12:00) オークランド、太平洋、",
  "(GMT+12:00) Pacific, Fiji": "(GMT+12:00) 太平洋, フィジー共和国",
  "(GMT+12:00) Pacific, Funafuti": "(GMT+12:00) 太平洋, フナフティ",
  "(GMT+12:00) Pacific, Kwajalein": "(GMT+12:00) 太平洋, クェゼリン",
  "(GMT+12:00) Pacific, Majuro": "(GMT+12:00) 太平洋, マジュロ",
  "(GMT+12:00) Pacific, Nauru": "(GMT+12:00) 太平洋、ナウル島",
  "(GMT+12:00) Pacific, Tarawa": "(GMT+12:00) 太平洋、タラワ",
  "(GMT+12:00) Pacific, Wake": "(GMT+12:00) 太平洋, ウェーク",
  "(GMT+12:00) Pacific, Wallis": "(GMT+12:00) 太平洋, ウォリス",
  "(GMT+12:45) Pacific, Chatham": "(GMT+12:45) 太平洋, チャタム",
  "(GMT+13:00) Pacific, Apia": "(GMT+13:00) 太平洋、アピア",
  "(GMT+13:00) Pacific, Fakaofo": "(GMT+13:00) Pacific, Fakaofo",
  "(GMT+13:00) Pacific, Kanton": "(GMT+13:00) 太平洋、カントン島",
  "(GMT+13:00) Pacific, Tongatapu": "(GMT+13:00) 太平洋, トンガタプ州",
  "(GMT+14:00) Pacific, Kiritimati": "(GMT+14:00) 太平洋、キリティマティ",
  "Sunday": "日曜日",
  "Monday": "月曜日",
  "Tuesday": "火曜日",
  "Wednesday": "水曜日",
  "Thursday": "木曜日",
  "Friday": "金曜日",
  "Saturday": "土曜日"
}