{
  "1": "1",
  "2": "2",
  "3": "3",
  "4": "4",
  "5": "5",
  "6": "6",
  "7": "7",
  "8": "8",
  "9": "9",
  "10": "10",
  "11": "11",
  "12": "12",
  "13": "13",
  "14": "14",
  "15": "15",
  "16": "16",
  "17": "17",
  "18": "18",
  "19": "19",
  "20": "20",
  "21": "21",
  "22": "22",
  "23": "23",
  "24": "24",
  "25": "25",
  "26": "26",
  "27": "27",
  "28": "28",
  "29": "29",
  "30": "30",
  "31": "31",
  "Trigger flow with fixed schedule": "Auslösefluss mit festem Zeitplan",
  "Every X Minutes": "Alle X Minuten",
  "Every Hour": "Jede Stunde",
  "Every Day": "Jeden Tag",
  "Every Week": "Jede Woche",
  "Every Month": "Jeden Monat",
  "Cron Expression": "Cron-Ausdruck",
  "Triggers the current flow every X minutes": "Löst den aktuellen Fluss alle X Minuten aus",
  "Triggers the current flow every hour": "Löst den aktuellen Fluss jede Stunde aus",
  "Triggers the current flow every day": "Löst den aktuellen Fluss jeden Tag aus",
  "Triggers the current flow every week": "Löst den aktuellen Fluss jede Woche aus",
  "Triggers the current flow every month": "Löst den aktuellen Fluss jeden Monat aus",
  "Trigger based on cron expression": "Auslöser basierend auf cron-Ausdruck",
  "Minutes": "Minuten",
  "Run on weekends (Sat,Sun)": "An Wochenenden laufen (St, Sonne)",
  "Hour of the day": "Stunde des Tages",
  "Timezone": "Timezone",
  "Day of the week": "Wochentag",
  "Day of the month": "Tag des Monats",
  "Valid value between 1 to 59.": "Gültiger Wert zwischen 1 und 59.",
  "Cron expression to trigger": "Cron-Ausdruck zum Auslösen",
  "1 minute": "1 Minute",
  "2 minutes": "2 Minuten",
  "3 minutes": "3 Minuten",
  "4 minutes": "4 Minuten",
  "5 minutes": "5 Minuten",
  "6 minutes": "6 Minuten",
  "7 minutes": "7 Minuten",
  "8 minutes": "8 Minuten",
  "9 minutes": "9 Minuten",
  "10 minutes": "10 Minuten",
  "11 minutes": "11 Minuten",
  "12 minutes": "12 Minuten",
  "13 minutes": "13 Minuten",
  "14 minutes": "14 Minuten",
  "15 minutes": "15 Minuten",
  "16 minutes": "16 Minuten",
  "17 minutes": "17 Minuten",
  "18 minutes": "18 Minuten",
  "19 minutes": "19 Minuten",
  "20 minutes": "20 Minuten",
  "21 minutes": "21 Minuten",
  "22 minutes": "22 Minuten",
  "23 minutes": "23 Minuten",
  "24 minutes": "24 Minuten",
  "25 minutes": "25 Minuten",
  "26 minutes": "26 Minuten",
  "27 minutes": "27 Minuten",
  "28 minutes": "28 Minuten",
  "29 minutes": "29 Minuten",
  "30 minutes": "30 Minuten",
  "31 minutes": "31 Minuten",
  "32 minutes": "32 Minuten",
  "33 minutes": "33 Minuten",
  "34 minutes": "34 Minuten",
  "35 minutes": "35 Minuten",
  "36 minutes": "36 Minuten",
  "37 minutes": "37 Minuten",
  "38 minutes": "38 Minuten",
  "39 minutes": "39 Minuten",
  "40 minutes": "40 Minuten",
  "41 minutes": "41 Minuten",
  "42 minutes": "42 Minuten",
  "43 minutes": "43 Minuten",
  "44 minutes": "44 Minuten",
  "45 minutes": "45 Minuten",
  "46 minutes": "46 Minuten",
  "47 minutes": "47 Minuten",
  "48 minutes": "48 Minuten",
  "49 minutes": "49 Minuten",
  "50 minutes": "50 Minuten",
  "51 minutes": "51 Minuten",
  "52 minutes": "52 Minuten",
  "53 minutes": "53 Minuten",
  "54 minutes": "54 Minuten",
  "55 minutes": "55 Minuten",
  "56 minutes": "56 Minuten",
  "57 minutes": "57 Minuten",
  "58 minutes": "58 Minuten",
  "59 minutes": "59 Minuten",
  "Midnight": "Mitternacht",
  "1 am": "1 Uhr",
  "2 am": "2 Uhr",
  "3 am": "3 Uhr",
  "4 am": "4 Uhr",
  "5 am": "5 Uhr",
  "6 am": "6 Uhr",
  "7 am": "7 Uhr",
  "8 am": "8 Uhr",
  "9 am": "9 Uhr",
  "10 am": "10 Uhr",
  "11 am": "11 Uhr",
  "Noon": "Mittag",
  "1 pm": "1 Uhr",
  "2 pm": "14 Uhr",
  "3 pm": "15.00",
  "4 pm": "16.00",
  "5 pm": "17.00",
  "6 pm": "18 Uhr",
  "7 pm": "19 Uhr",
  "8 pm": "20 Uhr",
  "9 pm": "21 Uhr",
  "10 pm": "22 Uhr",
  "11 pm": "23 Uhr",
  "(GMT-11:00) Pacific, Midway": "(GMT-11:00) Pacific, Midway",
  "(GMT-11:00) Pacific, Niue": "(GMT-11:00) Pazifik, Niue",
  "(GMT-11:00) Pacific, Pago Pago": "(GMT-11:00) Pazifik, Pago",
  "(GMT-10:00) Pacific, Honolulu": "(GMT-10:00) Pazifik, Honolulu",
  "(GMT-10:00) Pacific, Rarotonga": "(GMT-10:00) Pacific, Rarotonga",
  "(GMT-10:00) Pacific, Tahiti": "(GMT-10:00) Pazifik, Tahiti",
  "(GMT-09:30) Pacific, Marquesas": "(GMT-09:30) Pazifik, Marquesas",
  "(GMT-09:00) America, Adak": "(GMT-09:00) Amerika, Adak",
  "(GMT-09:00) Pacific, Gambier": "(GMT-09:00) Pazifik, Gambier",
  "(GMT-08:00) America, Anchorage": "(GMT-08:00) Amerika, Ankerplatz",
  "(GMT-08:00) America, Juneau": "(GMT-08:00) America, Juneau",
  "(GMT-08:00) America, Metlakatla": "(GMT-08:00) America, Metlakatla",
  "(GMT-08:00) America, Nome": "(GMT-08:00) Amerika, Nome",
  "(GMT-08:00) America, Sitka": "(GMT-08:00) America, Sitka",
  "(GMT-08:00) America, Yakutat": "(GMT-08:00) America, Yakutat",
  "(GMT-08:00) Pacific, Pitcairn": "(GMT-08:00) Pazifik, Pitcairn",
  "(GMT-07:00) America, Creston": "(GMT-07:00) Amerika, Creston",
  "(GMT-07:00) America, Dawson": "(GMT-07:00) Amerika, Dawson",
  "(GMT-07:00) America, Dawson Creek": "(GMT-07:00) Amerika, Dawson Creek",
  "(GMT-07:00) America, Fort Nelson": "(GMT-07:00) Amerika, Fort Nelson",
  "(GMT-07:00) America, Hermosillo": "(GMT-07:00) Amerika, Hermosillo",
  "(GMT-07:00) America, Los Angeles": "(GMT-07:00) Amerika, Los Angeles",
  "(GMT-07:00) America, Mazatlan": "(GMT-07:00) America, Mazatlan",
  "(GMT-07:00) America, Phoenix": "(GMT-07:00) Amerika, Phoenix",
  "(GMT-07:00) America, Tijuana": "(GMT-07:00) Amerika, Tijuana",
  "(GMT-07:00) America, Vancouver": "(GMT-07:00) America, Vancouver",
  "(GMT-07:00) America, Whitehorse": "(GMT-07:00) Amerika, Whitehorse",
  "(GMT-06:00) America, Bahia Banderas": "(GMT-06:00) America, Bahia Banderas",
  "(GMT-06:00) America, Belize": "(GMT-06:00) Amerika, Belize",
  "(GMT-06:00) America, Boise": "(GMT-06:00) America, Boise",
  "(GMT-06:00) America, Cambridge Bay": "(GMT-06:00) Amerika, Cambridge Bay",
  "(GMT-06:00) America, Chihuahua": "(GMT-06:00) America, Chihuahua",
  "(GMT-06:00) America, Ciudad Juarez": "(GMT-06:00) America, Ciudad Juarez",
  "(GMT-06:00) America, Costa Rica": "(GMT-06:00) Amerika, Costa Rica",
  "(GMT-06:00) America, Denver": "(GMT-06:00) Amerika, Denver",
  "(GMT-06:00) America, Edmonton": "(GMT-06:00) Amerika, Edmonton",
  "(GMT-06:00) America, El Salvador": "(GMT-06:00) Amerika, El Salvador",
  "(GMT-06:00) America, Guatemala": "(GMT-06:00) America, Guatemala",
  "(GMT-06:00) America, Inuvik": "(GMT-06:00) America, Inuvik",
  "(GMT-06:00) America, Managua": "(GMT-06:00) America, Managua",
  "(GMT-06:00) America, Merida": "(GMT-06:00) Amerika, Merida",
  "(GMT-06:00) America, Mexico City": "(GMT-06:00) Amerika, Mexiko-Stadt",
  "(GMT-06:00) America, Monterrey": "(GMT-06:00) America, Monterrey",
  "(GMT-06:00) America, Regina": "(GMT-06:00) Amerika, Regina",
  "(GMT-06:00) America, Swift Current": "(GMT-06:00) Amerika, Swift Strom",
  "(GMT-06:00) America, Tegucigalpa": "(GMT-06:00) Amerika, Tegucigalpa",
  "(GMT-06:00) Pacific, Easter": "(GMT-06:00) Pazifik, Ostern",
  "(GMT-06:00) Pacific, Galapagos": "(GMT-06:00) Pazifik, Galapagos",
  "(GMT-05:00) America, Atikokan": "(GMT-05:00) America, Atikokan",
  "(GMT-05:00) America, Bogota": "(GMT-05:00) America, Bogota",
  "(GMT-05:00) America, Cancun": "(GMT-05:00) Amerika, Cancun",
  "(GMT-05:00) America, Cayman": "(GMT-05:00) Amerika, Cayman",
  "(GMT-05:00) America, Chicago": "(GMT-05:00) Amerika, Chicago",
  "(GMT-05:00) America, Eirunepe": "(GMT-05:00) Amerika, Eirunepe",
  "(GMT-05:00) America, Guayaquil": "(GMT-05:00) America, Guayaquil",
  "(GMT-05:00) America, Indiana, Knox": "(GMT-05:00) Amerika, Indiana, Knox",
  "(GMT-05:00) America, Indiana, Tell City": "(GMT-05:00) Amerika, Indiana, Tell City",
  "(GMT-05:00) America, Jamaica": "(GMT-05:00) Amerika, Jamaika",
  "(GMT-05:00) America, Lima": "(GMT-05:00) Amerika, Lima",
  "(GMT-05:00) America, Matamoros": "(GMT-05:00) Amerika, Matamoros",
  "(GMT-05:00) America, Menominee": "(GMT-05:00) Amerika, Menominee",
  "(GMT-05:00) America, North Dakota, Beulah": "(GMT-05:00) Amerika, Nord-Dakota, Beulah",
  "(GMT-05:00) America, North Dakota, Center": "(GMT-05:00) Amerika, Nord-Dakota, Zentrum",
  "(GMT-05:00) America, North Dakota, New Salem": "(GMT-05:00) Amerika, Nord-Dakota, New Salem",
  "(GMT-05:00) America, Ojinaga": "(GMT-05:00) Amerika, Ojinaga",
  "(GMT-05:00) America, Panama": "(GMT-05:00) Amerika, Panama",
  "(GMT-05:00) America, Rankin Inlet": "(GMT-05:00) Amerika, Rankineinlass",
  "(GMT-05:00) America, Resolute": "(GMT-05:00) Amerika, Resolute",
  "(GMT-05:00) America, Rio Branco": "(GMT-05:00) America, Rio Branco",
  "(GMT-05:00) America, Winnipeg": "(GMT-05:00) Amerika, Winnipeg",
  "(GMT-04:00) America, Anguilla": "(GMT-04:00) Amerika, Anguilla",
  "(GMT-04:00) America, Antigua": "(GMT-04:00) Amerika, Antigua",
  "(GMT-04:00) America, Aruba": "(GMT-04:00) Amerika, Aruba",
  "(GMT-04:00) America, Asuncion": "(GMT-04:00) Amerika, Asuncion",
  "(GMT-04:00) America, Barbados": "(GMT-04:00) Amerika, Barbados",
  "(GMT-04:00) America, Blanc-Sablon": "(GMT-04:00) Amerika, Blanc-Sablon",
  "(GMT-04:00) America, Boa Vista": "(GMT-04:00) Amerika, Boa Vista",
  "(GMT-04:00) America, Campo Grande": "(GMT-04:00) Amerika, Campo Grande",
  "(GMT-04:00) America, Caracas": "(GMT-04:00) Amerika, Caracas",
  "(GMT-04:00) America, Cuiaba": "(GMT-04:00) Amerika, Cuiaba",
  "(GMT-04:00) America, Curacao": "(GMT-04:00) Amerika, Curacao",
  "(GMT-04:00) America, Detroit": "(GMT-04:00) Amerika, Detroit",
  "(GMT-04:00) America, Dominica": "(GMT-04:00) Amerika, Dominica",
  "(GMT-04:00) America, Grand Turk": "(GMT-04:00) Amerika, Grand Turk",
  "(GMT-04:00) America, Grenada": "(GMT-04:00) Amerika, Grenada",
  "(GMT-04:00) America, Guadeloupe": "(GMT-04:00) America, Guadeloupe",
  "(GMT-04:00) America, Guyana": "(GMT-04:00) Amerika, Guyana",
  "(GMT-04:00) America, Havana": "(GMT-04:00) America, Havana",
  "(GMT-04:00) America, Indiana, Indianapolis": "(GMT-04:00) Amerika, Indiana, Indianapolis",
  "(GMT-04:00) America, Indiana, Marengo": "(GMT-04:00) Amerika, Indiana, Marengo",
  "(GMT-04:00) America, Indiana, Petersburg": "(GMT-04:00) Amerika, Indiana, Petersburg",
  "(GMT-04:00) America, Indiana, Vevay": "(GMT-04:00) Amerika, Indiana, Vevay",
  "(GMT-04:00) America, Indiana, Vincennes": "(GMT-04:00) Amerika, Indiana, Vincennes",
  "(GMT-04:00) America, Indiana, Winamac": "(GMT-04:00) Amerika, Indiana, Winamac",
  "(GMT-04:00) America, Iqaluit": "(GMT-04:00) America, Iqaluit",
  "(GMT-04:00) America, Kentucky, Louisville": "(GMT-04:00) Amerika, Kentucky, Louisville",
  "(GMT-04:00) America, Kentucky, Monticello": "(GMT-04:00) Amerika, Kentucky, Monticello",
  "(GMT-04:00) America, Kralendijk": "(GMT-04:00) America, Kralendijk",
  "(GMT-04:00) America, La Paz": "(GMT-04:00) Amerika, La Paz",
  "(GMT-04:00) America, Lower Princes": "(GMT-04:00) Amerika, untere Prinzen",
  "(GMT-04:00) America, Manaus": "(GMT-04:00) America, Manaus",
  "(GMT-04:00) America, Marigot": "(GMT-04:00) Amerika, Marigot",
  "(GMT-04:00) America, Martinique": "(GMT-04:00) Amerika, Martinique",
  "(GMT-04:00) America, Montserrat": "(GMT-04:00) America, Montserrat",
  "(GMT-04:00) America, Nassau": "(GMT-04:00) America, Nassau",
  "(GMT-04:00) America, New York": "(GMT-04:00) Amerika, New York",
  "(GMT-04:00) America, Port of Spain": "(GMT-04:00) Amerika, Hafen von Spanien",
  "(GMT-04:00) America, Port-au-Prince": "(GMT-04:00) Amerika, Port-au-Prince",
  "(GMT-04:00) America, Porto Velho": "(GMT-04:00) America, Porto Velho",
  "(GMT-04:00) America, Puerto Rico": "(GMT-04:00) Amerika, Puerto Rico",
  "(GMT-04:00) America, Santiago": "(GMT-04:00) Amerika, Santiago",
  "(GMT-04:00) America, Santo Domingo": "(GMT-04:00) Amerika, Santo Domingo",
  "(GMT-04:00) America, St. Barthelemy": "(GMT-04:00) America, St. Barthelemy",
  "(GMT-04:00) America, St. Kitts": "(GMT-04:00) Amerika, St. Kitts",
  "(GMT-04:00) America, St. Lucia": "(GMT-04:00) America, St. Lucia",
  "(GMT-04:00) America, St. Thomas": "(GMT-04:00) Amerika, St. Thomas",
  "(GMT-04:00) America, St. Vincent": "(GMT-04:00) Amerika, St. Vincent",
  "(GMT-04:00) America, Toronto": "(GMT-04:00) Amerika, Toronto",
  "(GMT-04:00) America, Tortola": "(GMT-04:00) Amerika, Tortola",
  "(GMT-03:00) America, Araguaina": "(GMT-03:00) America, Araguaina",
  "(GMT-03:00) America, Argentina, Buenos Aires": "(GMT-03:00) America, Argentina, Buenos Aires",
  "(GMT-03:00) America, Argentina, Catamarca": "(GMT-03:00) Amerika, Argentinien, Catamarca",
  "(GMT-03:00) America, Argentina, Cordoba": "(GMT-03:00) Amerika, Argentinien, Cordoba",
  "(GMT-03:00) America, Argentina, Jujuy": "(GMT-03:00) America, Argentina, Jujuy",
  "(GMT-03:00) America, Argentina, La Rioja": "(GMT-03:00) Amerika, Argentinien, La Rioja",
  "(GMT-03:00) America, Argentina, Mendoza": "(GMT-03:00) Amerika, Argentinien, Mendoza",
  "(GMT-03:00) America, Argentina, Rio Gallegos": "(GMT-03:00) America, Argentina, Rio Gallegos",
  "(GMT-03:00) America, Argentina, Salta": "(GMT-03:00) Amerika, Argentinien, Salta",
  "(GMT-03:00) America, Argentina, San Juan": "(GMT-03:00) Amerika, Argentinien, San Juan",
  "(GMT-03:00) America, Argentina, San Luis": "(GMT-03:00) Amerika, Argentinien, San Luis",
  "(GMT-03:00) America, Argentina, Tucuman": "(GMT-03:00) Amerika, Argentinien, Tucuman",
  "(GMT-03:00) America, Argentina, Ushuaia": "(GMT-03:00) America, Argentina, Ushuaia",
  "(GMT-03:00) America, Bahia": "(GMT-03:00) America, Bahia",
  "(GMT-03:00) America, Belem": "(GMT-03:00) America, Belem",
  "(GMT-03:00) America, Cayenne": "(GMT-03:00) Amerika, Cayenne",
  "(GMT-03:00) America, Fortaleza": "(GMT-03:00) Amerika, Fortaleza",
  "(GMT-03:00) America, Glace Bay": "(GMT-03:00) Amerika, Glace Bay",
  "(GMT-03:00) America, Goose Bay": "(GMT-03:00) Amerika, Goose Bay",
  "(GMT-03:00) America, Halifax": "(GMT-03:00) Amerika, Halifax",
  "(GMT-03:00) America, Maceio": "(GMT-03:00) Amerika, Maceio",
  "(GMT-03:00) America, Moncton": "(GMT-03:00) America, Moncton",
  "(GMT-03:00) America, Montevideo": "(GMT-03:00) Amerika, Montevideo",
  "(GMT-03:00) America, Paramaribo": "(GMT-03:00) Amerika, Paramaribo",
  "(GMT-03:00) America, Punta Arenas": "(GMT-03:00) Amerika, Punta Arenas",
  "(GMT-03:00) America, Recife": "(GMT-03:00) Amerika, Recife",
  "(GMT-03:00) America, Santarem": "(GMT-03:00) Amerika, Santarem",
  "(GMT-03:00) America, Sao Paulo": "(GMT-03:00) America, Sao Paulo",
  "(GMT-03:00) America, Thule": "(GMT-03:00) Amerika, Thule",
  "(GMT-03:00) Antarctica, Palmer": "(GMT-03:00) Antarktis, Palmer",
  "(GMT-03:00) Antarctica, Rothera": "(GMT-03:00) Antarktis, Rothera",
  "(GMT-03:00) Atlantic, Bermuda": "(GMT-03:00) Atlantik, Bermuda",
  "(GMT-03:00) Atlantic, Stanley": "(GMT-03:00) Atlantik, Stanley",
  "(GMT-02:30) America, St. Johns": "(GMT-02:30) Amerika, St. Johns",
  "(GMT-02:00) America, Miquelon": "(GMT-02:00) Amerika, Miquelon",
  "(GMT-02:00) America, Noronha": "(GMT-02:00) Amerika, Noronha",
  "(GMT-02:00) America, Nuuk": "(GMT-02:00) America, Nuuk",
  "(GMT-02:00) Atlantic, South Georgia": "(GMT-02:00) Atlantik, Südgeorgien",
  "(GMT-01:00) Atlantic, Cape Verde": "(GMT-01:00) Atlantik, Kapverde",
  "(GMT) Africa, Abidjan": "(GMT) Afrika, Abidjan",
  "(GMT) Africa, Accra": "(GMT) Afrika, Accra",
  "(GMT) Africa, Bamako": "(GMT) Afrika, Bamako",
  "(GMT) Africa, Banjul": "(GMT) Africa, Banjul",
  "(GMT) Africa, Bissau": "(GMT) Afrika, Bissau",
  "(GMT) Africa, Conakry": "(GMT) Africa, Conakry",
  "(GMT) Africa, Dakar": "(GMT) Afrika, Dakar",
  "(GMT) Africa, Freetown": "(GMT) Afrika, Freetown",
  "(GMT) Africa, Lome": "(GMT) Afrika, Lome",
  "(GMT) Africa, Monrovia": "(GMT) Afrika, Monrovia",
  "(GMT) Africa, Nouakchott": "(GMT) Afrika, Nouakchott",
  "(GMT) Africa, Ouagadougou": "(GMT) Africa, Ouagadougou",
  "(GMT) Africa, Sao Tome": "(GMT) Africa, Sao Tome",
  "(GMT) America, Danmarkshavn": "(GMT) America, Danmarkshavn",
  "(GMT) America, Scoresbysund": "(GMT) America, Scoresbysund",
  "(GMT) Atlantic, Azores": "(GMT) Atlantik, Azoren",
  "(GMT) Atlantic, Reykjavik": "(GMT) Atlantic, Reykjavik",
  "(GMT) Atlantic, St. Helena": "(GMT) Atlantik, St. Helena",
  "(GMT) UTC": "(GMT) UTC",
  "(GMT+01:00) Africa, Algiers": "(GMT+01:00) Africa, Algiers",
  "(GMT+01:00) Africa, Bangui": "(GMT+01:00) Afrika, Bangui",
  "(GMT+01:00) Africa, Brazzaville": "(GMT+01:00) Afrika, Brazzaville",
  "(GMT+01:00) Africa, Casablanca": "(GMT+01:00) Afrika, Casablanca",
  "(GMT+01:00) Africa, Douala": "(GMT+01:00) Africa, Douala",
  "(GMT+01:00) Africa, El Aaiun": "(GMT+01:00) Africa, El Aaiun",
  "(GMT+01:00) Africa, Kinshasa": "(GMT+01:00) Africa, Kinshasa",
  "(GMT+01:00) Africa, Lagos": "(GMT+01:00) Africa, Lagos",
  "(GMT+01:00) Africa, Libreville": "(GMT+01:00) Afrika, Libreville",
  "(GMT+01:00) Africa, Luanda": "(GMT+01:00) Afrika, Luanda",
  "(GMT+01:00) Africa, Malabo": "(GMT+01:00) Africa, Malabo",
  "(GMT+01:00) Africa, Ndjamena": "(GMT+01:00) Afrika, Ndjamena",
  "(GMT+01:00) Africa, Niamey": "(GMT+01:00) Africa, Niamey",
  "(GMT+01:00) Africa, Porto-Novo": "(GMT+01:00) Afrika, Porto-Novo",
  "(GMT+01:00) Africa, Tunis": "(GMT+01:00) Afrika, Tunis",
  "(GMT+01:00) Atlantic, Canary": "(GMT+01:00) Atlantik, Kanarischen Inseln",
  "(GMT+01:00) Atlantic, Faroe": "(GMT+01:00) Atlantik, Färöer",
  "(GMT+01:00) Atlantic, Madeira": "(GMT+01:00) Atlantik, Madeira",
  "(GMT+01:00) Europe, Dublin": "(GMT+01:00) Europa, Dublin",
  "(GMT+01:00) Europe, Guernsey": "(GMT+01:00) Europa, Guernsey",
  "(GMT+01:00) Europe, Isle of Man": "(GMT+01:00) Europa, Isle of Man",
  "(GMT+01:00) Europe, Jersey": "(GMT+01:00) Europa, Jersey",
  "(GMT+01:00) Europe, Lisbon": "(GMT+01:00) Europa, Lissabon",
  "(GMT+01:00) Europe, London": "(GMT+01:00) Europa, London",
  "(GMT+02:00) Africa, Blantyre": "(GMT+02:00) Africa, Blantyre",
  "(GMT+02:00) Africa, Bujumbura": "(GMT+02:00) Africa, Bujumbura",
  "(GMT+02:00) Africa, Ceuta": "(GMT+02:00) Afrika, Ceuta",
  "(GMT+02:00) Africa, Gaborone": "(GMT+02:00) Africa, Gaborone",
  "(GMT+02:00) Africa, Harare": "(GMT+02:00) Afrika, Harare",
  "(GMT+02:00) Africa, Johannesburg": "(GMT+02:00) Afrika, Johannesburg",
  "(GMT+02:00) Africa, Juba": "(GMT+02:00) Africa, Juba",
  "(GMT+02:00) Africa, Khartoum": "(GMT+02:00) Africa, Khartoum",
  "(GMT+02:00) Africa, Kigali": "(GMT+02:00) Africa, Kigali",
  "(GMT+02:00) Africa, Lubumbashi": "(GMT+02:00) Afrika, Lubumbashi",
  "(GMT+02:00) Africa, Lusaka": "(GMT+02:00) Afrika, Lusaka",
  "(GMT+02:00) Africa, Maputo": "(GMT+02:00) Afrika, Maputo",
  "(GMT+02:00) Africa, Maseru": "(GMT+02:00) Afrika, Maseru",
  "(GMT+02:00) Africa, Mbabane": "(GMT+02:00) Africa, Mbabane",
  "(GMT+02:00) Africa, Tripoli": "(GMT+02:00) Afrika, Tripolis",
  "(GMT+02:00) Africa, Windhoek": "(GMT+02:00) Afrika, Windhoek",
  "(GMT+02:00) Antarctica, Troll": "(GMT+02:00) Antarktis, Troll",
  "(GMT+02:00) Arctic, Longyearbyen": "(GMT+02:00) Arktis, Longyearbyen",
  "(GMT+02:00) Europe, Amsterdam": "(GMT+02:00) Europa, Amsterdam",
  "(GMT+02:00) Europe, Andorra": "(GMT+02:00) Europa, Andorra",
  "(GMT+02:00) Europe, Belgrade": "(GMT+02:00) Europa, Belgrad",
  "(GMT+02:00) Europe, Berlin": "(GMT+02:00) Europa, Berlin",
  "(GMT+02:00) Europe, Bratislava": "(GMT+02:00) Europe, Bratislava",
  "(GMT+02:00) Europe, Brussels": "(GMT+02:00) Europa, Brüssel",
  "(GMT+02:00) Europe, Budapest": "(GMT+02:00) Europe, Budapest",
  "(GMT+02:00) Europe, Busingen": "(GMT+02:00) Europa, Busingen",
  "(GMT+02:00) Europe, Copenhagen": "(GMT+02:00) Europa, Kopenhagen",
  "(GMT+02:00) Europe, Gibraltar": "(GMT+02:00) Europa, Gibraltar",
  "(GMT+02:00) Europe, Kaliningrad": "(GMT+02:00) Europa, Kaliningrad",
  "(GMT+02:00) Europe, Ljubljana": "(GMT+02:00) Europa, Ljubljana",
  "(GMT+02:00) Europe, Luxembourg": "(GMT+02:00) Europa, Luxemburg",
  "(GMT+02:00) Europe, Madrid": "(GMT+02:00) Europa, Madrid",
  "(GMT+02:00) Europe, Malta": "(GMT+02:00) Europa, Malta",
  "(GMT+02:00) Europe, Monaco": "(GMT+02:00) Europa, Monaco",
  "(GMT+02:00) Europe, Oslo": "(GMT+02:00) Europa, Oslo",
  "(GMT+02:00) Europe, Paris": "(GMT+02:00) Europa, Paris",
  "(GMT+02:00) Europe, Podgorica": "(GMT+02:00) Europa, Podgorica",
  "(GMT+02:00) Europe, Prague": "(GMT+02:00) Europa, Prag",
  "(GMT+02:00) Europe, Rome": "(GMT+02:00) Europa, Rom",
  "(GMT+02:00) Europe, San Marino": "(GMT+02:00) Europa, San Marino",
  "(GMT+02:00) Europe, Sarajevo": "(GMT+02:00) Europe, Sarajevo",
  "(GMT+02:00) Europe, Skopje": "(GMT+02:00) Europa, Skopje",
  "(GMT+02:00) Europe, Stockholm": "(GMT+02:00) Europa, Stockholm",
  "(GMT+02:00) Europe, Tirane": "(GMT+02:00) Europa, Tirane",
  "(GMT+02:00) Europe, Vaduz": "(GMT+02:00) Europa, Vaduz",
  "(GMT+02:00) Europe, Vatican": "(GMT+02:00) Europa, Vatikan",
  "(GMT+02:00) Europe, Vienna": "(GMT+02:00) Europa, Wien",
  "(GMT+02:00) Europe, Warsaw": "(GMT+02:00) Europa, Warschau",
  "(GMT+02:00) Europe, Zagreb": "(GMT+02:00) Europa, Zagreb",
  "(GMT+02:00) Europe, Zurich": "(GMT+02:00) Europa, Zürich",
  "(GMT+03:00) Africa, Addis Ababa": "(GMT+03:00) Afrika, Addis Abeba",
  "(GMT+03:00) Africa, Asmara": "(GMT+03:00) Afrika, Asmara",
  "(GMT+03:00) Africa, Cairo": "(GMT+03:00) Afrika, Kairo",
  "(GMT+03:00) Africa, Dar es Salaam": "(GMT+03:00) Afrika, Dar es Salam",
  "(GMT+03:00) Africa, Djibouti": "(GMT+03:00) Africa, Djibouti",
  "(GMT+03:00) Africa, Kampala": "(GMT+03:00) Afrika, Kampala",
  "(GMT+03:00) Africa, Mogadishu": "(GMT+03:00) Africa, Mogadishu",
  "(GMT+03:00) Africa, Nairobi": "(GMT+03:00) Afrika, Nairobi",
  "(GMT+03:00) Antarctica, Syowa": "(GMT+03:00) Antarktis, Syowa",
  "(GMT+03:00) Asia, Aden": "(GMT+03:00) Asien, Aden",
  "(GMT+03:00) Asia, Amman": "(GMT+03:00) Asien, Amman",
  "(GMT+03:00) Asia, Baghdad": "(GMT+03:00) Asia, Baghdad",
  "(GMT+03:00) Asia, Bahrain": "(GMT+03:00) Asien, Bahrain",
  "(GMT+03:00) Asia, Beirut": "(GMT+03:00) Asien, Beirut",
  "(GMT+03:00) Asia, Damascus": "(GMT+03:00) Asien, Damaskus",
  "(GMT+03:00) Asia, Famagusta": "(GMT+03:00) Asia, Famagusta",
  "(GMT+03:00) Asia, Gaza": "(GMT+03:00) Asien, Gaza",
  "(GMT+03:00) Asia, Hebron": "(GMT+03:00) Asien, Hebron",
  "(GMT+03:00) Asia, Jerusalem": "(GMT+03:00) Asien, Jerusalem",
  "(GMT+03:00) Asia, Kuwait": "(GMT+03:00) Asien, Kuwait",
  "(GMT+03:00) Asia, Nicosia": "(GMT+03:00) Asia, Nicosia",
  "(GMT+03:00) Asia, Qatar": "(GMT+03:00) Asien, Katar",
  "(GMT+03:00) Asia, Riyadh": "(GMT+03:00) Asia, Riyadh",
  "(GMT+03:00) Europe, Athens": "(GMT+03:00) Europa, Athen",
  "(GMT+03:00) Europe, Bucharest": "(GMT+03:00) Europa, Bukarest",
  "(GMT+03:00) Europe, Chisinau": "(GMT+03:00) Europa, Chisinau",
  "(GMT+03:00) Europe, Helsinki": "(GMT+03:00) Europe, Helsinki",
  "(GMT+03:00) Europe, Istanbul": "(GMT+03:00) Europe, Istanbul",
  "(GMT+03:00) Europe, Kirov": "(GMT+03:00) Europe, Kirov",
  "(GMT+03:00) Europe, Kyiv": "(GMT+03:00) Europa, Kiew",
  "(GMT+03:00) Europe, Mariehamn": "(GMT+03:00) Europa, Mariehamn",
  "(GMT+03:00) Europe, Minsk": "(GMT+03:00) Europa, Minsk",
  "(GMT+03:00) Europe, Moscow": "(GMT+03:00) Europa, Moskau",
  "(GMT+03:00) Europe, Riga": "(GMT+03:00) Europa, Riga",
  "(GMT+03:00) Europe, Simferopol": "(GMT+03:00) Europa, Simferopol",
  "(GMT+03:00) Europe, Sofia": "(GMT+03:00) Europa, Sofia",
  "(GMT+03:00) Europe, Tallinn": "(GMT+03:00) Europa, Tallinn",
  "(GMT+03:00) Europe, Vilnius": "(GMT+03:00) Europe, Vilnius",
  "(GMT+03:00) Europe, Volgograd": "(GMT+03:00) Europa, Wolgograd",
  "(GMT+03:00) Indian, Antananarivo": "(GMT+03:00) Indisch, Antananarivo",
  "(GMT+03:00) Indian, Comoro": "(GMT+03:00) Indianisch, Komoro",
  "(GMT+03:00) Indian, Mayotte": "(GMT+03:00) Indianisch, Mayotte",
  "(GMT+03:30) Asia, Tehran": "(GMT+03:30) Asien, Teheran",
  "(GMT+04:00) Asia, Baku": "(GMT+04:00) Asien, Baku",
  "(GMT+04:00) Asia, Dubai": "(GMT+04:00) Asien, Dubai",
  "(GMT+04:00) Asia, Muscat": "(GMT+04:00) Asien, Muscat",
  "(GMT+04:00) Asia, Tbilisi": "(GMT+04:00) Asien, Tiflis",
  "(GMT+04:00) Asia, Yerevan": "(GMT+04:00) Asien, Jerewan",
  "(GMT+04:00) Europe, Astrakhan": "(GMT+04:00) Europa, Astrakhan",
  "(GMT+04:00) Europe, Samara": "(GMT+04:00) Europa, Samara",
  "(GMT+04:00) Europe, Saratov": "(GMT+04:00) Europa, Saratow",
  "(GMT+04:00) Europe, Ulyanovsk": "(GMT+04:00) Europe, Ulyanovsk",
  "(GMT+04:00) Indian, Mahe": "(GMT+04:00) Indianisch, Mahe",
  "(GMT+04:00) Indian, Mauritius": "(GMT+04:00) Indian, Mauritius",
  "(GMT+04:00) Indian, Reunion": "(GMT+04:00) Indianisch, Réunion",
  "(GMT+04:30) Asia, Kabul": "(GMT+04:30) Asien, Kabul",
  "(GMT+05:00) Antarctica, Mawson": "(GMT+05:00) Antarctica, Mawson",
  "(GMT+05:00) Asia, Aqtau": "(GMT+05:00) Asia, Aqtau",
  "(GMT+05:00) Asia, Aqtobe": "(GMT+05:00) Asien, Aqtobe",
  "(GMT+05:00) Asia, Ashgabat": "(GMT+05:00) Asia, Ashgabat",
  "(GMT+05:00) Asia, Atyrau": "(GMT+05:00) Asia, Atyrau",
  "(GMT+05:00) Asia, Dushanbe": "(GMT+05:00) Asia, Dushanbe",
  "(GMT+05:00) Asia, Karachi": "(GMT+05:00) Asien, Karatschi",
  "(GMT+05:00) Asia, Oral": "(GMT+05:00) Asien, Oral",
  "(GMT+05:00) Asia, Qyzylorda": "(GMT+05:00) Asien, Qyzylorda",
  "(GMT+05:00) Asia, Samarkand": "(GMT+05:00) Asia, Samarkand",
  "(GMT+05:00) Asia, Tashkent": "(GMT+05:00) Asia, Tashkent",
  "(GMT+05:00) Asia, Yekaterinburg": "(GMT+05:00) Asia, Yekaterinburg",
  "(GMT+05:00) Indian, Kerguelen": "(GMT+05:00) Indisch, Kerguelen",
  "(GMT+05:00) Indian, Maldives": "(GMT+05:00) Indianisch, Malediven",
  "(GMT+05:30) Asia, Colombo": "(GMT+05:30) Asien, Colombo",
  "(GMT+05:30) Asia, Kolkata": "(GMT+05:30) Asien, Kalkutta",
  "(GMT+05:45) Asia, Kathmandu": "(GMT+05:45) Asia, Kathmandu",
  "(GMT+06:00) Antarctica, Vostok": "(GMT+06:00) Antarktis, Vostok",
  "(GMT+06:00) Asia, Almaty": "(GMT+06:00) Asien, Almaty",
  "(GMT+06:00) Asia, Bishkek": "(GMT+06:00) Asia, Bishkek",
  "(GMT+06:00) Asia, Dhaka": "(GMT+06:00) Asia, Dhaka",
  "(GMT+06:00) Asia, Omsk": "(GMT+06:00) Asien, Omsk",
  "(GMT+06:00) Asia, Qostanay": "(GMT+06:00) Asia, Qostanay",
  "(GMT+06:00) Asia, Thimphu": "(GMT+06:00) Asien, Thimphu",
  "(GMT+06:00) Asia, Urumqi": "(GMT+06:00) Asia, Urumqi",
  "(GMT+06:00) Indian, Chagos": "(GMT+06:00) Indianisch, Chagos",
  "(GMT+06:30) Asia, Yangon": "(GMT+06:30) Asia, Yangon",
  "(GMT+06:30) Indian, Cocos": "(GMT+06:30) Indianisch, Cocos",
  "(GMT+07:00) Antarctica, Davis": "(GMT+07:00) Antarktis, Davis",
  "(GMT+07:00) Asia, Bangkok": "(GMT+07:00) Asia, Bangkok",
  "(GMT+07:00) Asia, Barnaul": "(GMT+07:00) Asien, Barnaul",
  "(GMT+07:00) Asia, Ho Chi Minh": "(GMT+07:00) Asia, Ho Chi Minh",
  "(GMT+07:00) Asia, Hovd": "(GMT+07:00) Asien, Hovd",
  "(GMT+07:00) Asia, Jakarta": "(GMT+07:00) Asia, Jakarta",
  "(GMT+07:00) Asia, Krasnoyarsk": "(GMT+07:00) Asia, Krasnoyarsk",
  "(GMT+07:00) Asia, Novokuznetsk": "(GMT+07:00) Asia, Novokuznetsk",
  "(GMT+07:00) Asia, Novosibirsk": "(GMT+07:00) Asia, Novosibirsk",
  "(GMT+07:00) Asia, Phnom Penh": "(GMT+07:00) Asia, Phnom Penh",
  "(GMT+07:00) Asia, Pontianak": "(GMT+07:00) Asien, Pontianak",
  "(GMT+07:00) Asia, Tomsk": "(GMT+07:00) Asien, Tomsk",
  "(GMT+07:00) Asia, Vientiane": "(GMT+07:00) Asia, Vientiane",
  "(GMT+07:00) Indian, Christmas": "(GMT+07:00) Indisch, Weihnachten",
  "(GMT+08:00) Asia, Brunei": "(GMT+08:00) Asien, Brunei",
  "(GMT+08:00) Asia, Choibalsan": "(GMT+08:00) Asien, Choibalsan",
  "(GMT+08:00) Asia, Hong Kong": "(GMT+08:00) Asien, Hongkong",
  "(GMT+08:00) Asia, Irkutsk": "(GMT+08:00) Asia, Irkutsk",
  "(GMT+08:00) Asia, Kuala Lumpur": "(GMT+08:00) Asia, Kuala Lumpur",
  "(GMT+08:00) Asia, Kuching": "(GMT+08:00) Asia, Kuching",
  "(GMT+08:00) Asia, Macau": "(GMT+08:00) Asien, Macau",
  "(GMT+08:00) Asia, Makassar": "(GMT+08:00) Asien, Makassar",
  "(GMT+08:00) Asia, Manila": "(GMT+08:00) Asien, Manila",
  "(GMT+08:00) Asia, Shanghai": "(GMT+08:00) Asia, Shanghai",
  "(GMT+08:00) Asia, Singapore": "(GMT+08:00) Asien, Singapur",
  "(GMT+08:00) Asia, Taipei": "(GMT+08:00) Asien, Taipei",
  "(GMT+08:00) Asia, Ulaanbaatar": "(GMT+08:00) Asia, Ulaanbaatar",
  "(GMT+08:00) Australia, Perth": "(GMT+08:00) Australien, Perth",
  "(GMT+08:45) Australia, Eucla": "(GMT+08:45) Australien, Eucla",
  "(GMT+09:00) Asia, Chita": "(GMT+09:00) Asia, Chita",
  "(GMT+09:00) Asia, Dili": "(GMT+09:00) Asia, Dili",
  "(GMT+09:00) Asia, Jayapura": "(GMT+09:00) Asia, Jayapura",
  "(GMT+09:00) Asia, Khandyga": "(GMT+09:00) Asia, Khandyga",
  "(GMT+09:00) Asia, Pyongyang": "(GMT+09:00) Asia, Pyongyang",
  "(GMT+09:00) Asia, Seoul": "(GMT+09:00) Asien, Seoul",
  "(GMT+09:00) Asia, Tokyo": "(GMT+09:00) Asia, Tokyo",
  "(GMT+09:00) Asia, Yakutsk": "(GMT+09:00) Asia, Yakutsk",
  "(GMT+09:00) Pacific, Palau": "(GMT+09:00) Pazifik, Palau",
  "(GMT+09:30) Australia, Adelaide": "(GMT+09:30) Australien, Adelaide",
  "(GMT+09:30) Australia, Broken Hill": "(GMT+09:30) Australien, kaputter Hügel",
  "(GMT+09:30) Australia, Darwin": "(GMT+09:30) Australien, Darwin",
  "(GMT+10:00) Antarctica, DumontDUrville": "(GMT+10:00) Antarctica, DumontDUrville",
  "(GMT+10:00) Antarctica, Macquarie": "(GMT+10:00) Antarktis, Macquarie",
  "(GMT+10:00) Asia, Ust-Nera": "(GMT+10:00) Asien, Ust-Nera",
  "(GMT+10:00) Asia, Vladivostok": "(GMT+10:00) Asien, Wladiwostok",
  "(GMT+10:00) Australia, Brisbane": "(GMT+10:00) Australien, Brisbane",
  "(GMT+10:00) Australia, Hobart": "(GMT+10:00) Australia, Hobart",
  "(GMT+10:00) Australia, Lindeman": "(GMT+10:00) Australien, Lindeman",
  "(GMT+10:00) Australia, Melbourne": "(GMT+10:00) Australien, Melbourne",
  "(GMT+10:00) Australia, Sydney": "(GMT+10:00) Australien, Sydney",
  "(GMT+10:00) Pacific, Chuuk": "(GMT+10:00) Pazifik, Chuuk",
  "(GMT+10:00) Pacific, Guam": "(GMT+10:00) Pazifik, Guam",
  "(GMT+10:00) Pacific, Port Moresby": "(GMT+10:00) Pazifik, Port Moresby",
  "(GMT+10:00) Pacific, Saipan": "(GMT+10:00) Pazifik, Saipan",
  "(GMT+10:30) Australia, Lord Howe": "(GMT+10:30) Australien, Lord Howe",
  "(GMT+11:00) Antarctica, Casey": "(GMT+11:00) Antarctica, Casey",
  "(GMT+11:00) Asia, Magadan": "(GMT+11:00) Asien, Magadan",
  "(GMT+11:00) Asia, Sakhalin": "(GMT+11:00) Asia, Sakhalin",
  "(GMT+11:00) Asia, Srednekolymsk": "(GMT+11:00) Asien, Srednekolymsk",
  "(GMT+11:00) Pacific, Bougainville": "(GMT+11:00) Pazifik, Bougainville",
  "(GMT+11:00) Pacific, Efate": "(GMT+11:00) Pazifik, Efate",
  "(GMT+11:00) Pacific, Guadalcanal": "(GMT+11:00) Pazifik, Guadalcanal",
  "(GMT+11:00) Pacific, Kosrae": "(GMT+11:00) Pazifik, Kosrae",
  "(GMT+11:00) Pacific, Norfolk": "(GMT+11:00) Pazifik, Norfolk",
  "(GMT+11:00) Pacific, Noumea": "(GMT+11:00) Pazifik, Noumea",
  "(GMT+11:00) Pacific, Pohnpei": "(GMT+11:00) Pazifik, Pohnpei",
  "(GMT+12:00) Antarctica, McMurdo": "(GMT+12:00) Antarktis, McMurdo",
  "(GMT+12:00) Asia, Anadyr": "(GMT+12:00) Asia, Anadyr",
  "(GMT+12:00) Asia, Kamchatka": "(GMT+12:00) Asien, Kamtschatka",
  "(GMT+12:00) Pacific, Auckland": "(GMT+12:00) Pazifik, Auckland",
  "(GMT+12:00) Pacific, Fiji": "(GMT+12:00) Pazifik, Fidschi",
  "(GMT+12:00) Pacific, Funafuti": "(GMT+12:00) Pazifik, Funafuti",
  "(GMT+12:00) Pacific, Kwajalein": "(GMT+12:00) Pazifik, Kwajalein",
  "(GMT+12:00) Pacific, Majuro": "(GMT+12:00) Pazifik, Majuro",
  "(GMT+12:00) Pacific, Nauru": "(GMT+12:00) Pazifik, Nauru",
  "(GMT+12:00) Pacific, Tarawa": "(GMT+12:00) Pazifik, Tarawa",
  "(GMT+12:00) Pacific, Wake": "(GMT+12:00) Pazifik, Wake",
  "(GMT+12:00) Pacific, Wallis": "(GMT+12:00) Pazifik, Wallis",
  "(GMT+12:45) Pacific, Chatham": "(GMT+12:45) Pazifik, Chatham",
  "(GMT+13:00) Pacific, Apia": "(GMT+13:00) Pazifik, Apia",
  "(GMT+13:00) Pacific, Fakaofo": "(GMT+13:00) Pacific, Fakaofo",
  "(GMT+13:00) Pacific, Kanton": "(GMT+13:00) Pazifik, Kanton",
  "(GMT+13:00) Pacific, Tongatapu": "(GMT+13:00) Pazifik, Tongatapu",
  "(GMT+14:00) Pacific, Kiritimati": "(GMT+14:00) Pazifik, Kiritimati",
  "Sunday": "Sonntag",
  "Monday": "Montag",
  "Tuesday": "Dienstag",
  "Wednesday": "Mittwoch",
  "Thursday": "Donnerstag",
  "Friday": "Freitag",
  "Saturday": "Samstag"
}