{
  "1": "1",
  "2": "2",
  "3": "3",
  "4": "4",
  "5": "5",
  "6": "6",
  "7": "7",
  "8": "8",
  "9": "9",
  "10": "10",
  "11": "11",
  "12": "12",
  "13": "13",
  "14": "14",
  "15": "15",
  "16": "16",
  "17": "17",
  "18": "18",
  "19": "19",
  "20": "20",
  "21": "21",
  "22": "22",
  "23": "23",
  "24": "24",
  "25": "25",
  "26": "26",
  "27": "27",
  "28": "28",
  "29": "29",
  "30": "30",
  "31": "31",
  "Trigger flow with fixed schedule": "Déclenchement de flux avec horaire fixe",
  "Every X Minutes": "Toutes les X minutes",
  "Every Hour": "Toutes les heures",
  "Every Day": "Tous les jours",
  "Every Week": "Chaque semaine",
  "Every Month": "Tous les mois",
  "Cron Expression": "Expression cron",
  "Triggers the current flow every X minutes": "Déclenche le flux courant toutes les X minutes",
  "Triggers the current flow every hour": "Déclenche le flux courant toutes les heures",
  "Triggers the current flow every day": "Déclenche le flux courant tous les jours",
  "Triggers the current flow every week": "Déclenche le flux courant chaque semaine",
  "Triggers the current flow every month": "Déclenche le flux courant tous les mois",
  "Trigger based on cron expression": "Déclencheur basé sur une expression cron",
  "Minutes": "Minutes",
  "Run on weekends (Sat,Sun)": "Courir les week-ends (Sat,Dim)",
  "Hour of the day": "Heure de la journée",
  "Timezone": "Fuseau horaire",
  "Day of the week": "Jour de la semaine",
  "Day of the month": "Jour du mois",
  "Valid value between 1 to 59.": "Valeur valide comprise entre 1 et 59.",
  "Cron expression to trigger": "Expression Cron à déclencher",
  "1 minute": "1 minute",
  "2 minutes": "2 minutes",
  "3 minutes": "3minutes",
  "4 minutes": "4minutes",
  "5 minutes": "5 minutes",
  "6 minutes": "6 minutes",
  "7 minutes": "7 minutes",
  "8 minutes": "8 minutes",
  "9 minutes": "9 minutes",
  "10 minutes": "10 minutes",
  "11 minutes": "11 minutes",
  "12 minutes": "12 minutes",
  "13 minutes": "13 minutes",
  "14 minutes": "14 minutes",
  "15 minutes": "15 minutes",
  "16 minutes": "16 minutes",
  "17 minutes": "17 minutes",
  "18 minutes": "18 minutes",
  "19 minutes": "19 minutes",
  "20 minutes": "20 minutes",
  "21 minutes": "21 minutes",
  "22 minutes": "22 minutes",
  "23 minutes": "23minutes",
  "24 minutes": "24 minutes",
  "25 minutes": "25 minutes",
  "26 minutes": "26 minutes",
  "27 minutes": "27 minutes",
  "28 minutes": "28 minutes",
  "29 minutes": "29minutes",
  "30 minutes": "30 minutes",
  "31 minutes": "31 minutes",
  "32 minutes": "32 minutes",
  "33 minutes": "33 minutes",
  "34 minutes": "34 minutes",
  "35 minutes": "35 minutes",
  "36 minutes": "36 minutes",
  "37 minutes": "37 minutes",
  "38 minutes": "38 minutes",
  "39 minutes": "39 minutes",
  "40 minutes": "40 minutes",
  "41 minutes": "41 minutes",
  "42 minutes": "4minutes",
  "43 minutes": "43 minutes",
  "44 minutes": "44 minutes",
  "45 minutes": "45 minutes",
  "46 minutes": "46 minutes",
  "47 minutes": "47 minutes",
  "48 minutes": "48 minutes",
  "49 minutes": "49 minutes",
  "50 minutes": "50 minutes",
  "51 minutes": "51 minutes",
  "52 minutes": "52 minutes",
  "53 minutes": "53 minutes",
  "54 minutes": "54 minutes",
  "55 minutes": "55 minutes",
  "56 minutes": "56 minutes",
  "57 minutes": "57 minutes",
  "58 minutes": "58 minutes",
  "59 minutes": "59 minutes",
  "Midnight": "minuit",
  "1 am": "1 h",
  "2 am": "2h",
  "3 am": "3h",
  "4 am": "4 heures du matin",
  "5 am": "5 heures du matin",
  "6 am": "6 heures",
  "7 am": "7h",
  "8 am": "8h",
  "9 am": "9 h",
  "10 am": "10 heures",
  "11 am": "11 heures",
  "Noon": "midi",
  "1 pm": "13h",
  "2 pm": "14h",
  "3 pm": "15h",
  "4 pm": "16h",
  "5 pm": "17h",
  "6 pm": "18h",
  "7 pm": "19h",
  "8 pm": "20h",
  "9 pm": "21h",
  "10 pm": "22h",
  "11 pm": "23h",
  "(GMT-11:00) Pacific, Midway": "(GMT-11:00) Pacific, Midway",
  "(GMT-11:00) Pacific, Niue": "(GMT-11:00) Pacifique, Niue",
  "(GMT-11:00) Pacific, Pago Pago": "(GMT-11:00) Pacifique, Pago Pago",
  "(GMT-10:00) Pacific, Honolulu": "(GMT-10:00) Pacifique, Honolulu",
  "(GMT-10:00) Pacific, Rarotonga": "(GMT-10:00) Pacific, Rarotonga",
  "(GMT-10:00) Pacific, Tahiti": "(GMT-10:00) Pacifique, Tahiti",
  "(GMT-09:30) Pacific, Marquesas": "(GMT-09:30) Pacifique, Marquesas",
  "(GMT-09:00) America, Adak": "(GMT-09:00) Amérique, Adak",
  "(GMT-09:00) Pacific, Gambier": "(GMT-09:00) Pacifique, Gambier",
  "(GMT-08:00) America, Anchorage": "(GMT-08:00) Amérique, Anchorage",
  "(GMT-08:00) America, Juneau": "(GMT-08:00) America, Juneau",
  "(GMT-08:00) America, Metlakatla": "(GMT-08:00) America, Metlakatla",
  "(GMT-08:00) America, Nome": "(GMT-08:00) Amérique, Nome",
  "(GMT-08:00) America, Sitka": "(GMT-08:00) America, Sitka",
  "(GMT-08:00) America, Yakutat": "(GMT-08:00) America, Yakutat",
  "(GMT-08:00) Pacific, Pitcairn": "(GMT-08:00) Pacifique, Pitcairn",
  "(GMT-07:00) America, Creston": "(GMT-07:00) Amérique, Creston",
  "(GMT-07:00) America, Dawson": "(GMT-07:00) Amérique, Dawson",
  "(GMT-07:00) America, Dawson Creek": "(GMT-07:00) Amérique, Dawson Creek",
  "(GMT-07:00) America, Fort Nelson": "(GMT-07:00) Amérique, Fort Nelson",
  "(GMT-07:00) America, Hermosillo": "(GMT-07:00) Amérique, Hermosillo",
  "(GMT-07:00) America, Los Angeles": "(GMT-07:00) Amérique, Los Angeles",
  "(GMT-07:00) America, Mazatlan": "(GMT-07:00) America, Mazatlan",
  "(GMT-07:00) America, Phoenix": "(GMT-07:00) Amérique, Phoenix",
  "(GMT-07:00) America, Tijuana": "(GMT-07:00) Amérique, Tijuana",
  "(GMT-07:00) America, Vancouver": "(GMT-07:00) America, Vancouver",
  "(GMT-07:00) America, Whitehorse": "(GMT-07:00) Amérique, Whitehorse",
  "(GMT-06:00) America, Bahia Banderas": "(GMT-06:00) America, Bahia Banderas",
  "(GMT-06:00) America, Belize": "(GMT-06:00) Amérique, Belize",
  "(GMT-06:00) America, Boise": "(GMT-06:00) America, Boise",
  "(GMT-06:00) America, Cambridge Bay": "(GMT-06:00) Amérique, Cambridge Bay",
  "(GMT-06:00) America, Chihuahua": "(GMT-06:00) America, Chihuahua",
  "(GMT-06:00) America, Ciudad Juarez": "(GMT-06:00) America, Ciudad Juarez",
  "(GMT-06:00) America, Costa Rica": "(GMT-06:00) Amérique, Costa Rica",
  "(GMT-06:00) America, Denver": "(GMT-06:00) Amérique, Denver",
  "(GMT-06:00) America, Edmonton": "(GMT-06:00) Amérique, Edmonton",
  "(GMT-06:00) America, El Salvador": "(GMT-06:00) Amérique, Salvador",
  "(GMT-06:00) America, Guatemala": "(GMT-06:00) America, Guatemala",
  "(GMT-06:00) America, Inuvik": "(GMT-06:00) America, Inuvik",
  "(GMT-06:00) America, Managua": "(GMT-06:00) America, Managua",
  "(GMT-06:00) America, Merida": "(GMT-06:00) Amérique, Merida",
  "(GMT-06:00) America, Mexico City": "(GMT-06:00) Amérique, Mexico City",
  "(GMT-06:00) America, Monterrey": "(GMT-06:00) America, Monterrey",
  "(GMT-06:00) America, Regina": "(GMT-06:00) Amérique, Regina",
  "(GMT-06:00) America, Swift Current": "(GMT-06:00) Amérique, Courant Rapide",
  "(GMT-06:00) America, Tegucigalpa": "(GMT-06:00) Amérique, Tegucigalpa",
  "(GMT-06:00) Pacific, Easter": "(GMT-06:00) Pacifique, Pâques",
  "(GMT-06:00) Pacific, Galapagos": "(GMT-06:00) Pacifique, Galapagos",
  "(GMT-05:00) America, Atikokan": "(GMT-05:00) America, Atikokan",
  "(GMT-05:00) America, Bogota": "(GMT-05:00) America, Bogota",
  "(GMT-05:00) America, Cancun": "(GMT-05:00) Amérique, Cancun",
  "(GMT-05:00) America, Cayman": "(GMT-05:00) Amérique, Cayman",
  "(GMT-05:00) America, Chicago": "(GMT-05:00) Amérique, Chicago",
  "(GMT-05:00) America, Eirunepe": "(GMT-05:00) Amérique, Eirunepe",
  "(GMT-05:00) America, Guayaquil": "(GMT-05:00) America, Guayaquil",
  "(GMT-05:00) America, Indiana, Knox": "(GMT-05:00) Amérique, Indiana, Knox",
  "(GMT-05:00) America, Indiana, Tell City": "(GMT-05:00) Amérique, Indiana, Tell City",
  "(GMT-05:00) America, Jamaica": "(GMT-05:00) Amérique, Jamaïque",
  "(GMT-05:00) America, Lima": "(GMT-05:00) Amérique, Lima",
  "(GMT-05:00) America, Matamoros": "(GMT-05:00) Amérique, Matamoros",
  "(GMT-05:00) America, Menominee": "(GMT-05:00) Amérique, Menominee",
  "(GMT-05:00) America, North Dakota, Beulah": "(GMT-05:00) Amérique, Dakota du Nord, Beulah",
  "(GMT-05:00) America, North Dakota, Center": "(GMT-05:00) Amérique, Dakota du Nord, Centre",
  "(GMT-05:00) America, North Dakota, New Salem": "(GMT-05:00) Amérique, Dakota du Nord, Nouvelle Salem",
  "(GMT-05:00) America, Ojinaga": "(GMT-05:00) Amérique, Ojinaga",
  "(GMT-05:00) America, Panama": "(GMT-05:00) Amérique, Panama",
  "(GMT-05:00) America, Rankin Inlet": "(GMT-05:00) Amérique, Rankin Inlet",
  "(GMT-05:00) America, Resolute": "(GMT-05:00) Amérique, résolue",
  "(GMT-05:00) America, Rio Branco": "(GMT-05:00) America, Rio Branco",
  "(GMT-05:00) America, Winnipeg": "(GMT-05:00) Amérique, Winnipeg",
  "(GMT-04:00) America, Anguilla": "(GMT-04:00) Amérique, Anguilla",
  "(GMT-04:00) America, Antigua": "(GMT-04:00) Amérique, Antigua",
  "(GMT-04:00) America, Aruba": "(GMT-04:00) Amérique, Aruba",
  "(GMT-04:00) America, Asuncion": "(GMT-04:00) Amérique, Asuncion",
  "(GMT-04:00) America, Barbados": "(GMT-04:00) Amérique, Barbade",
  "(GMT-04:00) America, Blanc-Sablon": "(GMT-04:00) Amérique, Blanc-Sablon",
  "(GMT-04:00) America, Boa Vista": "(GMT-04:00) Amérique, Boa Vista",
  "(GMT-04:00) America, Campo Grande": "(GMT-04:00) Amérique, Campo Grande",
  "(GMT-04:00) America, Caracas": "(GMT-04:00) Amérique, Caracas",
  "(GMT-04:00) America, Cuiaba": "(GMT-04:00) Amérique, Cuiaba",
  "(GMT-04:00) America, Curacao": "(GMT-04:00) Amérique, Curaçao",
  "(GMT-04:00) America, Detroit": "(GMT-04:00) Amérique, Detroit",
  "(GMT-04:00) America, Dominica": "(GMT-04:00) Amérique, Dominique",
  "(GMT-04:00) America, Grand Turk": "(GMT-04:00) Amérique, Grand Turc",
  "(GMT-04:00) America, Grenada": "(GMT-04:00) Amérique, Grenade",
  "(GMT-04:00) America, Guadeloupe": "(GMT-04:00) America, Guadeloupe",
  "(GMT-04:00) America, Guyana": "(GMT-04:00) Amérique, Guyane",
  "(GMT-04:00) America, Havana": "(GMT-04:00) America, Havana",
  "(GMT-04:00) America, Indiana, Indianapolis": "(GMT-04:00) Amérique, Indiana, Indianapolis",
  "(GMT-04:00) America, Indiana, Marengo": "(GMT-04:00) Amérique, Indiana, Marengo",
  "(GMT-04:00) America, Indiana, Petersburg": "(GMT-04:00) Amérique, Indiana, Petersbourg",
  "(GMT-04:00) America, Indiana, Vevay": "(GMT-04:00) Amérique, Indiana, Vevay",
  "(GMT-04:00) America, Indiana, Vincennes": "(GMT-04:00) Amérique, Indiana, Vincennes",
  "(GMT-04:00) America, Indiana, Winamac": "(GMT-04:00) Amérique, Indiana, Winamac",
  "(GMT-04:00) America, Iqaluit": "(GMT-04:00) America, Iqaluit",
  "(GMT-04:00) America, Kentucky, Louisville": "(GMT-04:00) Amérique, Kentucky, Louisville",
  "(GMT-04:00) America, Kentucky, Monticello": "(GMT-04:00) Amérique, Kentucky, Monticello",
  "(GMT-04:00) America, Kralendijk": "(GMT-04:00) America, Kralendijk",
  "(GMT-04:00) America, La Paz": "(GMT-04:00) Amérique, La Paz",
  "(GMT-04:00) America, Lower Princes": "(GMT-04:00) Amérique, Bas-Princes",
  "(GMT-04:00) America, Manaus": "(GMT-04:00) America, Manaus",
  "(GMT-04:00) America, Marigot": "(GMT-04:00) Amérique, Marigot",
  "(GMT-04:00) America, Martinique": "(GMT-04:00) Amérique, Martinique",
  "(GMT-04:00) America, Montserrat": "(GMT-04:00) America, Montserrat",
  "(GMT-04:00) America, Nassau": "(GMT-04:00) America, Nassau",
  "(GMT-04:00) America, New York": "(GMT-04:00) Amérique, New York",
  "(GMT-04:00) America, Port of Spain": "(GMT-04:00) Amérique, Port d'Espagne",
  "(GMT-04:00) America, Port-au-Prince": "(GMT-04:00) Amérique, Port-au-Prince",
  "(GMT-04:00) America, Porto Velho": "(GMT-04:00) America, Porto Velho",
  "(GMT-04:00) America, Puerto Rico": "(GMT-04:00) Amérique, Puerto Rico",
  "(GMT-04:00) America, Santiago": "(GMT-04:00) Amérique, Santiago",
  "(GMT-04:00) America, Santo Domingo": "(GMT-04:00) Amérique, Santo Domingo",
  "(GMT-04:00) America, St. Barthelemy": "(GMT-04:00) America, St. Barthelemy",
  "(GMT-04:00) America, St. Kitts": "(GMT-04:00) Amérique, Saint-Christophe",
  "(GMT-04:00) America, St. Lucia": "(GMT-04:00) America, St. Lucia",
  "(GMT-04:00) America, St. Thomas": "(GMT-04:00) Amérique, Saint-Thomas",
  "(GMT-04:00) America, St. Vincent": "(GMT-04:00) Amérique, Saint-Vincent",
  "(GMT-04:00) America, Toronto": "(GMT-04:00) Amérique, Toronto",
  "(GMT-04:00) America, Tortola": "(GMT-04:00) Amérique, Tortola",
  "(GMT-03:00) America, Araguaina": "(GMT-03:00) America, Araguaina",
  "(GMT-03:00) America, Argentina, Buenos Aires": "(GMT-03:00) America, Argentina, Buenos Aires",
  "(GMT-03:00) America, Argentina, Catamarca": "(GMT-03:00) Amérique, Argentine, Catamarca",
  "(GMT-03:00) America, Argentina, Cordoba": "(GMT-03:00) Amérique, Argentine, Cordoue",
  "(GMT-03:00) America, Argentina, Jujuy": "(GMT-03:00) America, Argentina, Jujuy",
  "(GMT-03:00) America, Argentina, La Rioja": "(GMT-03:00) Amérique, Argentine, La Rioja",
  "(GMT-03:00) America, Argentina, Mendoza": "(GMT-03:00) Amérique, Argentine, Mendoza",
  "(GMT-03:00) America, Argentina, Rio Gallegos": "(GMT-03:00) America, Argentina, Rio Gallegos",
  "(GMT-03:00) America, Argentina, Salta": "(GMT-03:00) Amérique, Argentine, Salta",
  "(GMT-03:00) America, Argentina, San Juan": "(GMT-03:00) Amérique, Argentine, San Juan",
  "(GMT-03:00) America, Argentina, San Luis": "(GMT-03:00) Amérique, Argentine, San Luis",
  "(GMT-03:00) America, Argentina, Tucuman": "(GMT-03:00) Amérique, Argentine, Tucuman",
  "(GMT-03:00) America, Argentina, Ushuaia": "(GMT-03:00) America, Argentina, Ushuaia",
  "(GMT-03:00) America, Bahia": "(GMT-03:00) America, Bahia",
  "(GMT-03:00) America, Belem": "(GMT-03:00) America, Belem",
  "(GMT-03:00) America, Cayenne": "(GMT-03:00) Amérique, Cayenne",
  "(GMT-03:00) America, Fortaleza": "(GMT-03:00) Amérique, Fortaleza",
  "(GMT-03:00) America, Glace Bay": "(GMT-03:00) Amérique, Glace Bay",
  "(GMT-03:00) America, Goose Bay": "(GMT-03:00) Amérique, Goose Bay",
  "(GMT-03:00) America, Halifax": "(GMT-03:00) Amérique, Halifax",
  "(GMT-03:00) America, Maceio": "(GMT-03:00) Amérique, Maceio",
  "(GMT-03:00) America, Moncton": "(GMT-03:00) America, Moncton",
  "(GMT-03:00) America, Montevideo": "(GMT-03:00) Amérique, Montevideo",
  "(GMT-03:00) America, Paramaribo": "(GMT-03:00) Amérique, Paramaribo",
  "(GMT-03:00) America, Punta Arenas": "(GMT-03:00) Amérique, Punta Arenas",
  "(GMT-03:00) America, Recife": "(GMT-03:00) Amérique, Recife",
  "(GMT-03:00) America, Santarem": "(GMT-03:00) Amérique, Santarem",
  "(GMT-03:00) America, Sao Paulo": "(GMT-03:00) America, Sao Paulo",
  "(GMT-03:00) America, Thule": "(GMT-03:00) Amérique, Thule",
  "(GMT-03:00) Antarctica, Palmer": "(GMT-03:00) Antarctique, Palmer",
  "(GMT-03:00) Antarctica, Rothera": "(GMT-03:00) Antarctique, Rothera",
  "(GMT-03:00) Atlantic, Bermuda": "(GMT-03:00) Atlantique, Bermudes",
  "(GMT-03:00) Atlantic, Stanley": "(GMT-03:00) Atlantique, Stanley",
  "(GMT-02:30) America, St. Johns": "(GMT-02:30) Amérique, St. Johns",
  "(GMT-02:00) America, Miquelon": "(GMT-02:00) Amérique, Miquelon",
  "(GMT-02:00) America, Noronha": "(GMT-02:00) Amérique, Noronha",
  "(GMT-02:00) America, Nuuk": "(GMT-02:00) America, Nuuk",
  "(GMT-02:00) Atlantic, South Georgia": "(GMT-02:00) Atlantique, Géorgie du Sud",
  "(GMT-01:00) Atlantic, Cape Verde": "(GMT-01:00) Atlantique, Cap-Vert",
  "(GMT) Africa, Abidjan": "(GMT) Afrique, Abidjan",
  "(GMT) Africa, Accra": "(GMT) Afrique, Accra",
  "(GMT) Africa, Bamako": "(GMT) Afrique, Bamako",
  "(GMT) Africa, Banjul": "(GMT) Africa, Banjul",
  "(GMT) Africa, Bissau": "(GMT) Afrique, Bissau",
  "(GMT) Africa, Conakry": "(GMT) Africa, Conakry",
  "(GMT) Africa, Dakar": "(GMT) Afrique, Dakar",
  "(GMT) Africa, Freetown": "(GMT) Afrique, Freetown",
  "(GMT) Africa, Lome": "(GMT) Afrique, Lomé",
  "(GMT) Africa, Monrovia": "(GMT) Afrique, Monrovia",
  "(GMT) Africa, Nouakchott": "(GMT) Afrique, Nouakchott",
  "(GMT) Africa, Ouagadougou": "(GMT) Africa, Ouagadougou",
  "(GMT) Africa, Sao Tome": "(GMT) Africa, Sao Tome",
  "(GMT) America, Danmarkshavn": "(GMT) America, Danmarkshavn",
  "(GMT) America, Scoresbysund": "(GMT) America, Scoresbysund",
  "(GMT) Atlantic, Azores": "(GMT) Atlantique, Açores",
  "(GMT) Atlantic, Reykjavik": "(GMT) Atlantic, Reykjavik",
  "(GMT) Atlantic, St. Helena": "(GMT) Atlantique, Sainte-Hélène",
  "(GMT) UTC": "UTC (GMT)",
  "(GMT+01:00) Africa, Algiers": "(GMT+01:00) Africa, Algiers",
  "(GMT+01:00) Africa, Bangui": "(GMT+01:00) Afrique, Bangui",
  "(GMT+01:00) Africa, Brazzaville": "(GMT+01:00) Afrique, Brazzaville",
  "(GMT+01:00) Africa, Casablanca": "(GMT+01:00) Afrique, Casablanca",
  "(GMT+01:00) Africa, Douala": "(GMT+01:00) Africa, Douala",
  "(GMT+01:00) Africa, El Aaiun": "(GMT+01:00) Africa, El Aaiun",
  "(GMT+01:00) Africa, Kinshasa": "(GMT+01:00) Africa, Kinshasa",
  "(GMT+01:00) Africa, Lagos": "(GMT+01:00) Africa, Lagos",
  "(GMT+01:00) Africa, Libreville": "(GMT+01:00) Afrique, Libreville",
  "(GMT+01:00) Africa, Luanda": "(GMT+01:00) Afrique, Luanda",
  "(GMT+01:00) Africa, Malabo": "(GMT+01:00) Africa, Malabo",
  "(GMT+01:00) Africa, Ndjamena": "(GMT+01:00) Afrique, Ndjamena",
  "(GMT+01:00) Africa, Niamey": "(GMT+01:00) Africa, Niamey",
  "(GMT+01:00) Africa, Porto-Novo": "(GMT+01:00) Afrique, Porto-Novo",
  "(GMT+01:00) Africa, Tunis": "(GMT+01:00) Afrique, Tunis",
  "(GMT+01:00) Atlantic, Canary": "(GMT+01:00) Atlantique, Canaries",
  "(GMT+01:00) Atlantic, Faroe": "(GMT+01:00) Atlantique, Féroé",
  "(GMT+01:00) Atlantic, Madeira": "(GMT+01:00) Atlantique, Madère",
  "(GMT+01:00) Europe, Dublin": "(GMT+01:00) Europe, Dublin",
  "(GMT+01:00) Europe, Guernsey": "(GMT+01:00) Europe, Guernesey",
  "(GMT+01:00) Europe, Isle of Man": "(GMT+01:00) Europe, Île de l'Homme",
  "(GMT+01:00) Europe, Jersey": "(GMT+01:00) Europe, Jersey",
  "(GMT+01:00) Europe, Lisbon": "(GMT+01:00) Europe, Lisbonne",
  "(GMT+01:00) Europe, London": "(GMT+01:00) Europe, Londres",
  "(GMT+02:00) Africa, Blantyre": "(GMT+02:00) Africa, Blantyre",
  "(GMT+02:00) Africa, Bujumbura": "(GMT+02:00) Africa, Bujumbura",
  "(GMT+02:00) Africa, Ceuta": "(GMT+02:00) Afrique, Ceuta",
  "(GMT+02:00) Africa, Gaborone": "(GMT+02:00) Africa, Gaborone",
  "(GMT+02:00) Africa, Harare": "(GMT+02:00) Afrique, Harare",
  "(GMT+02:00) Africa, Johannesburg": "(GMT+02:00) Afrique, Johannesburg",
  "(GMT+02:00) Africa, Juba": "(GMT+02:00) Africa, Juba",
  "(GMT+02:00) Africa, Khartoum": "(GMT+02:00) Africa, Khartoum",
  "(GMT+02:00) Africa, Kigali": "(GMT+02:00) Africa, Kigali",
  "(GMT+02:00) Africa, Lubumbashi": "(GMT+02:00) Afrique, Lubumbashi",
  "(GMT+02:00) Africa, Lusaka": "(GMT+02:00) Afrique, Lusaka",
  "(GMT+02:00) Africa, Maputo": "(GMT+02:00) Afrique, Maputo",
  "(GMT+02:00) Africa, Maseru": "(GMT+02:00) Afrique, Maseru",
  "(GMT+02:00) Africa, Mbabane": "(GMT+02:00) Africa, Mbabane",
  "(GMT+02:00) Africa, Tripoli": "(GMT+02:00) Afrique, Tripoli",
  "(GMT+02:00) Africa, Windhoek": "(GMT+02:00) Afrique, Windhoek",
  "(GMT+02:00) Antarctica, Troll": "(GMT+02:00) Antarctique, Troll",
  "(GMT+02:00) Arctic, Longyearbyen": "(GMT+02:00) Arctique, Longyearbyen",
  "(GMT+02:00) Europe, Amsterdam": "(GMT+02:00) Europe, Amsterdam",
  "(GMT+02:00) Europe, Andorra": "(GMT+02:00) Europe, Andorre",
  "(GMT+02:00) Europe, Belgrade": "(GMT+02:00) Europe, Belgrade",
  "(GMT+02:00) Europe, Berlin": "(GMT+02:00) Europe, Berlin",
  "(GMT+02:00) Europe, Bratislava": "(GMT+02:00) Europe, Bratislava",
  "(GMT+02:00) Europe, Brussels": "(GMT+02:00) Europe, Bruxelles",
  "(GMT+02:00) Europe, Budapest": "(GMT+02:00) Europe, Budapest",
  "(GMT+02:00) Europe, Busingen": "(GMT+02:00) Europe, Busingen",
  "(GMT+02:00) Europe, Copenhagen": "(GMT+02:00) Europe, Copenhague",
  "(GMT+02:00) Europe, Gibraltar": "(GMT+02:00) Europe, Gibraltar",
  "(GMT+02:00) Europe, Kaliningrad": "(GMT+02:00) Europe, Kaliningrad",
  "(GMT+02:00) Europe, Ljubljana": "(GMT+02:00) Europe, Ljubljana",
  "(GMT+02:00) Europe, Luxembourg": "(GMT+02:00) Europe, Luxembourg",
  "(GMT+02:00) Europe, Madrid": "(GMT+02:00) Europe, Madrid",
  "(GMT+02:00) Europe, Malta": "(GMT+02:00) Europe, Malte",
  "(GMT+02:00) Europe, Monaco": "(GMT+02:00) Europe, Monaco",
  "(GMT+02:00) Europe, Oslo": "(GMT+02:00) Europe, Oslo",
  "(GMT+02:00) Europe, Paris": "(GMT+02:00) Europe, Paris",
  "(GMT+02:00) Europe, Podgorica": "(GMT+02:00) Europe, Podgorica",
  "(GMT+02:00) Europe, Prague": "(GMT+02:00) Europe, Prague",
  "(GMT+02:00) Europe, Rome": "(GMT+02:00) Europe, Rome",
  "(GMT+02:00) Europe, San Marino": "(GMT+02:00) Europe, Saint-Marin",
  "(GMT+02:00) Europe, Sarajevo": "(GMT+02:00) Europe, Sarajevo",
  "(GMT+02:00) Europe, Skopje": "(GMT+02:00) Europe, Skopje",
  "(GMT+02:00) Europe, Stockholm": "(GMT+02:00) Europe, Stockholm",
  "(GMT+02:00) Europe, Tirane": "(GMT+02:00) Europe, Tirane",
  "(GMT+02:00) Europe, Vaduz": "(GMT+02:00) Europe, Vaduz",
  "(GMT+02:00) Europe, Vatican": "(GMT+02:00) Europe, Vatican",
  "(GMT+02:00) Europe, Vienna": "(GMT+02:00) Europe, Vienne",
  "(GMT+02:00) Europe, Warsaw": "(GMT+02:00) Europe, Varsovie",
  "(GMT+02:00) Europe, Zagreb": "(GMT+02:00) Europe, Zagreb",
  "(GMT+02:00) Europe, Zurich": "(GMT+02:00) Europe, Zurich",
  "(GMT+03:00) Africa, Addis Ababa": "(GMT+03:00) Afrique, Addis-Abeba",
  "(GMT+03:00) Africa, Asmara": "(GMT+03:00) Afrique, Asmara",
  "(GMT+03:00) Africa, Cairo": "(GMT+03:00) Afrique, Caire",
  "(GMT+03:00) Africa, Dar es Salaam": "(GMT+03:00) Afrique, Dar es Salaam",
  "(GMT+03:00) Africa, Djibouti": "(GMT+03:00) Africa, Djibouti",
  "(GMT+03:00) Africa, Kampala": "(GMT+03:00) Afrique, Kampala",
  "(GMT+03:00) Africa, Mogadishu": "(GMT+03:00) Africa, Mogadishu",
  "(GMT+03:00) Africa, Nairobi": "(GMT+03:00) Afrique, Nairobi",
  "(GMT+03:00) Antarctica, Syowa": "(GMT+03:00) Antarctique, Syowa",
  "(GMT+03:00) Asia, Aden": "(GMT+03:00) Asie, Aden",
  "(GMT+03:00) Asia, Amman": "(GMT+03:00) Asie, Amman",
  "(GMT+03:00) Asia, Baghdad": "(GMT+03:00) Asia, Baghdad",
  "(GMT+03:00) Asia, Bahrain": "(GMT+03:00) Asie, Bahreïn",
  "(GMT+03:00) Asia, Beirut": "(GMT+03:00) Asie, Beyrouth",
  "(GMT+03:00) Asia, Damascus": "(GMT+03:00) Asie, Damas",
  "(GMT+03:00) Asia, Famagusta": "(GMT+03:00) Asia, Famagusta",
  "(GMT+03:00) Asia, Gaza": "(GMT+03:00) Asie, Gaza",
  "(GMT+03:00) Asia, Hebron": "(GMT+03:00) Asie, Hébron",
  "(GMT+03:00) Asia, Jerusalem": "(GMT+03:00) Asie, Jérusalem",
  "(GMT+03:00) Asia, Kuwait": "(GMT+03:00) Asie, Koweït",
  "(GMT+03:00) Asia, Nicosia": "(GMT+03:00) Asia, Nicosia",
  "(GMT+03:00) Asia, Qatar": "(GMT+03:00) Asie, Qatar",
  "(GMT+03:00) Asia, Riyadh": "(GMT+03:00) Asia, Riyadh",
  "(GMT+03:00) Europe, Athens": "(GMT+03:00) Europe, Athènes",
  "(GMT+03:00) Europe, Bucharest": "(GMT+03:00) Europe, Bucarest",
  "(GMT+03:00) Europe, Chisinau": "(GMT+03:00) Europe, Chisinau",
  "(GMT+03:00) Europe, Helsinki": "(GMT+03:00) Europe, Helsinki",
  "(GMT+03:00) Europe, Istanbul": "(GMT+03:00) Europe, Istanbul",
  "(GMT+03:00) Europe, Kirov": "(GMT+03:00) Europe, Kirov",
  "(GMT+03:00) Europe, Kyiv": "(GMT+03:00) Europe, Kiev",
  "(GMT+03:00) Europe, Mariehamn": "(GMT+03:00) Europe, Mariehamn",
  "(GMT+03:00) Europe, Minsk": "(GMT+03:00) Europe, Minsk",
  "(GMT+03:00) Europe, Moscow": "(GMT+03:00) Europe, Moscou",
  "(GMT+03:00) Europe, Riga": "(GMT+03:00) Europe, Riga",
  "(GMT+03:00) Europe, Simferopol": "(GMT+03:00) Europe, Simféropol",
  "(GMT+03:00) Europe, Sofia": "(GMT+03:00) Europe, Sofia",
  "(GMT+03:00) Europe, Tallinn": "(GMT+03:00) Europe, Tallinn",
  "(GMT+03:00) Europe, Vilnius": "(GMT+03:00) Europe, Vilnius",
  "(GMT+03:00) Europe, Volgograd": "(GMT+03:00) Europe, Volgograd",
  "(GMT+03:00) Indian, Antananarivo": "(GMT+03:00) Indien, Antananarivo",
  "(GMT+03:00) Indian, Comoro": "(GMT+03:00) Indien, Comore",
  "(GMT+03:00) Indian, Mayotte": "(GMT+03:00) Indien, Mayotte",
  "(GMT+03:30) Asia, Tehran": "(GMT+03:30) Asie, Téhéran",
  "(GMT+04:00) Asia, Baku": "(GMT+04:00) Asie, Bakou",
  "(GMT+04:00) Asia, Dubai": "(GMT+04:00) Asie, Dubaï",
  "(GMT+04:00) Asia, Muscat": "(GMT+04:00) Asie, Muscat",
  "(GMT+04:00) Asia, Tbilisi": "(GMT+04:00) Asie, Tbilissi",
  "(GMT+04:00) Asia, Yerevan": "(GMT+04:00) Asie, Érevan",
  "(GMT+04:00) Europe, Astrakhan": "(GMT+04:00) Europe, Astrakhan",
  "(GMT+04:00) Europe, Samara": "(GMT+04:00) Europe, Samara",
  "(GMT+04:00) Europe, Saratov": "(GMT+04:00) Europe, Saratov",
  "(GMT+04:00) Europe, Ulyanovsk": "(GMT+04:00) Europe, Ulyanovsk",
  "(GMT+04:00) Indian, Mahe": "(GMT+04:00) Indien, Mahe",
  "(GMT+04:00) Indian, Mauritius": "(GMT+04:00) Indian, Mauritius",
  "(GMT+04:00) Indian, Reunion": "(GMT+04:00) Indien, Réunion",
  "(GMT+04:30) Asia, Kabul": "(GMT+04:30) Asie, Kaboul",
  "(GMT+05:00) Antarctica, Mawson": "(GMT+05:00) Antarctica, Mawson",
  "(GMT+05:00) Asia, Aqtau": "(GMT+05:00) Asia, Aqtau",
  "(GMT+05:00) Asia, Aqtobe": "(GMT+05:00) Asie, Aqtobe",
  "(GMT+05:00) Asia, Ashgabat": "(GMT+05:00) Asia, Ashgabat",
  "(GMT+05:00) Asia, Atyrau": "(GMT+05:00) Asia, Atyrau",
  "(GMT+05:00) Asia, Dushanbe": "(GMT+05:00) Asia, Dushanbe",
  "(GMT+05:00) Asia, Karachi": "(GMT+05:00) Asie, Karachi",
  "(GMT+05:00) Asia, Oral": "(GMT+05:00) Asie, Oral",
  "(GMT+05:00) Asia, Qyzylorda": "(GMT+05:00) Asie, Qyzylorda",
  "(GMT+05:00) Asia, Samarkand": "(GMT+05:00) Asia, Samarkand",
  "(GMT+05:00) Asia, Tashkent": "(GMT+05:00) Asia, Tashkent",
  "(GMT+05:00) Asia, Yekaterinburg": "(GMT+05:00) Asia, Yekaterinburg",
  "(GMT+05:00) Indian, Kerguelen": "(GMT+05:00) Indien, Kerguelen",
  "(GMT+05:00) Indian, Maldives": "(GMT+05:00) Indien, Maldives",
  "(GMT+05:30) Asia, Colombo": "(GMT+05:30) Asie, Colombo",
  "(GMT+05:30) Asia, Kolkata": "(GMT+05:30) Asie, Kolkata",
  "(GMT+05:45) Asia, Kathmandu": "(GMT+05:45) Asia, Kathmandu",
  "(GMT+06:00) Antarctica, Vostok": "(GMT+06:00) Antarctique, Vostok",
  "(GMT+06:00) Asia, Almaty": "(GMT+06:00) Asie, Almaty",
  "(GMT+06:00) Asia, Bishkek": "(GMT+06:00) Asia, Bishkek",
  "(GMT+06:00) Asia, Dhaka": "(GMT+06:00) Asia, Dhaka",
  "(GMT+06:00) Asia, Omsk": "(GMT+06:00) Asie, Omsk",
  "(GMT+06:00) Asia, Qostanay": "(GMT+06:00) Asia, Qostanay",
  "(GMT+06:00) Asia, Thimphu": "(GMT+06:00) Asie, Thimphu",
  "(GMT+06:00) Asia, Urumqi": "(GMT+06:00) Asia, Urumqi",
  "(GMT+06:00) Indian, Chagos": "(GMT+06:00) Indien, Chagos",
  "(GMT+06:30) Asia, Yangon": "(GMT+06:30) Asia, Yangon",
  "(GMT+06:30) Indian, Cocos": "(GMT+06:30) Indien, Cocos",
  "(GMT+07:00) Antarctica, Davis": "(GMT+07:00) Antarctique, Davis",
  "(GMT+07:00) Asia, Bangkok": "(GMT+07:00) Asia, Bangkok",
  "(GMT+07:00) Asia, Barnaul": "(GMT+07:00) Asie, Barnaul",
  "(GMT+07:00) Asia, Ho Chi Minh": "(GMT+07:00) Asia, Ho Chi Minh",
  "(GMT+07:00) Asia, Hovd": "(GMT+07:00) Asie, Hovd",
  "(GMT+07:00) Asia, Jakarta": "(GMT+07:00) Asia, Jakarta",
  "(GMT+07:00) Asia, Krasnoyarsk": "(GMT+07:00) Asia, Krasnoyarsk",
  "(GMT+07:00) Asia, Novokuznetsk": "(GMT+07:00) Asia, Novokuznetsk",
  "(GMT+07:00) Asia, Novosibirsk": "(GMT+07:00) Asia, Novosibirsk",
  "(GMT+07:00) Asia, Phnom Penh": "(GMT+07:00) Asia, Phnom Penh",
  "(GMT+07:00) Asia, Pontianak": "(GMT+07:00) Asie, Pontianak",
  "(GMT+07:00) Asia, Tomsk": "(GMT+07:00) Asie, Tomsk",
  "(GMT+07:00) Asia, Vientiane": "(GMT+07:00) Asia, Vientiane",
  "(GMT+07:00) Indian, Christmas": "(GMT+07:00) Indien, Noël",
  "(GMT+08:00) Asia, Brunei": "(GMT+08:00) Asie, Brunei",
  "(GMT+08:00) Asia, Choibalsan": "(GMT+08:00) Asie, Choibalsan",
  "(GMT+08:00) Asia, Hong Kong": "(GMT+08:00) Asie, Hong Kong",
  "(GMT+08:00) Asia, Irkutsk": "(GMT+08:00) Asia, Irkutsk",
  "(GMT+08:00) Asia, Kuala Lumpur": "(GMT+08:00) Asia, Kuala Lumpur",
  "(GMT+08:00) Asia, Kuching": "(GMT+08:00) Asia, Kuching",
  "(GMT+08:00) Asia, Macau": "(GMT+08:00) Asie, Macao",
  "(GMT+08:00) Asia, Makassar": "(GMT+08:00) Asie, Makassar",
  "(GMT+08:00) Asia, Manila": "(GMT+08:00) Asie, Manille",
  "(GMT+08:00) Asia, Shanghai": "(GMT+08:00) Asia, Shanghai",
  "(GMT+08:00) Asia, Singapore": "(GMT+08:00) Asie, Singapour",
  "(GMT+08:00) Asia, Taipei": "(GMT+08:00) Asie, Taipei",
  "(GMT+08:00) Asia, Ulaanbaatar": "(GMT+08:00) Asia, Ulaanbaatar",
  "(GMT+08:00) Australia, Perth": "(GMT+08:00) Australie, Perth",
  "(GMT+08:45) Australia, Eucla": "(GMT+08:45) Australie",
  "(GMT+09:00) Asia, Chita": "(GMT+09:00) Asia, Chita",
  "(GMT+09:00) Asia, Dili": "(GMT+09:00) Asia, Dili",
  "(GMT+09:00) Asia, Jayapura": "(GMT+09:00) Asia, Jayapura",
  "(GMT+09:00) Asia, Khandyga": "(GMT+09:00) Asia, Khandyga",
  "(GMT+09:00) Asia, Pyongyang": "(GMT+09:00) Asia, Pyongyang",
  "(GMT+09:00) Asia, Seoul": "(GMT+09:00) Asie, Séoul",
  "(GMT+09:00) Asia, Tokyo": "(GMT+09:00) Asia, Tokyo",
  "(GMT+09:00) Asia, Yakutsk": "(GMT+09:00) Asia, Yakutsk",
  "(GMT+09:00) Pacific, Palau": "(GMT+09:00) Pacifique, Palau",
  "(GMT+09:30) Australia, Adelaide": "(GMT+09:30) Australie",
  "(GMT+09:30) Australia, Broken Hill": "(GMT+09:30) Australie",
  "(GMT+09:30) Australia, Darwin": "(GMT+09:30) Australie, Darwin",
  "(GMT+10:00) Antarctica, DumontDUrville": "(GMT+10:00) Antarctica, DumontDUrville",
  "(GMT+10:00) Antarctica, Macquarie": "(GMT+10:00) Antarctique, Macquarie",
  "(GMT+10:00) Asia, Ust-Nera": "(GMT+10:00) Asie, Ust-Nera",
  "(GMT+10:00) Asia, Vladivostok": "(GMT+10:00) Asie, Vladivostok",
  "(GMT+10:00) Australia, Brisbane": "(GMT+10:00) Australie, Brisbane",
  "(GMT+10:00) Australia, Hobart": "(GMT+10:00) Australia, Hobart",
  "(GMT+10:00) Australia, Lindeman": "(GMT+10:00) Australie, Lindeman",
  "(GMT+10:00) Australia, Melbourne": "(GMT+10:00) Australie, Melbourne",
  "(GMT+10:00) Australia, Sydney": "(GMT+10:00) Australie, Sydney",
  "(GMT+10:00) Pacific, Chuuk": "(GMT+10:00) Pacifique, Chuuk",
  "(GMT+10:00) Pacific, Guam": "(GMT+10:00) Pacifique, Guam",
  "(GMT+10:00) Pacific, Port Moresby": "(GMT+10:00) Pacifique, Port Moresby",
  "(GMT+10:00) Pacific, Saipan": "(GMT+10:00) Pacifique, Saipan",
  "(GMT+10:30) Australia, Lord Howe": "(GMT+10:30) Australie, Lord Howe",
  "(GMT+11:00) Antarctica, Casey": "(GMT+11:00) Antarctica, Casey",
  "(GMT+11:00) Asia, Magadan": "(GMT+11:00) Asie, Magadan",
  "(GMT+11:00) Asia, Sakhalin": "(GMT+11:00) Asia, Sakhalin",
  "(GMT+11:00) Asia, Srednekolymsk": "(GMT+11:00) Asie, Srednekolymsk",
  "(GMT+11:00) Pacific, Bougainville": "(GMT+11:00) Pacifique, Bougainville",
  "(GMT+11:00) Pacific, Efate": "(GMT+11:00) Pacifique, Efate",
  "(GMT+11:00) Pacific, Guadalcanal": "(GMT+11:00) Pacifique, Guadalcanal",
  "(GMT+11:00) Pacific, Kosrae": "(GMT+11:00) Pacifique, Kosrae",
  "(GMT+11:00) Pacific, Norfolk": "(GMT+11:00) Pacifique, Norfolk",
  "(GMT+11:00) Pacific, Noumea": "(GMT+11:00) Pacifique, Nouméa",
  "(GMT+11:00) Pacific, Pohnpei": "(GMT+11:00) Pacifique, Pohnpei",
  "(GMT+12:00) Antarctica, McMurdo": "(GMT+12:00) Antarctique, McMurdo",
  "(GMT+12:00) Asia, Anadyr": "(GMT+12:00) Asia, Anadyr",
  "(GMT+12:00) Asia, Kamchatka": "(GMT+12:00) Asie, Kamchatka",
  "(GMT+12:00) Pacific, Auckland": "(GMT+12:00) Pacifique, Auckland",
  "(GMT+12:00) Pacific, Fiji": "(GMT+12:00) Pacifique, Fidji",
  "(GMT+12:00) Pacific, Funafuti": "(GMT+12:00) Pacifique, Funafuti",
  "(GMT+12:00) Pacific, Kwajalein": "(GMT+12:00) Pacifique, Kwajalein",
  "(GMT+12:00) Pacific, Majuro": "(GMT+12:00) Pacifique, Majuro",
  "(GMT+12:00) Pacific, Nauru": "(GMT+12:00) Pacifique, Nauru",
  "(GMT+12:00) Pacific, Tarawa": "(GMT+12:00) Pacifique, Tarawa",
  "(GMT+12:00) Pacific, Wake": "(GMT+12:00) Pacifique, Wake",
  "(GMT+12:00) Pacific, Wallis": "(GMT+12:00) Pacifique, Wallis",
  "(GMT+12:45) Pacific, Chatham": "(GMT+12:45) Pacifique, Chatham",
  "(GMT+13:00) Pacific, Apia": "(GMT+13:00) Pacifique, Apia",
  "(GMT+13:00) Pacific, Fakaofo": "(GMT+13:00) Pacific, Fakaofo",
  "(GMT+13:00) Pacific, Kanton": "(GMT+13:00) Pacifique, Kanton",
  "(GMT+13:00) Pacific, Tongatapu": "(GMT+13:00) Pacifique, Tongatapu",
  "(GMT+14:00) Pacific, Kiritimati": "(GMT+14:00) Pacifique, Kiritimati",
  "Sunday": "Dimanche",
  "Monday": "Lundi",
  "Tuesday": "Mardi",
  "Wednesday": "Mercredi",
  "Thursday": "Jeudi",
  "Friday": "Vendredi",
  "Saturday": "Samedi"
}