{
  "1": "1",
  "2": "2",
  "3": "3",
  "4": "4",
  "5": "5",
  "6": "6",
  "7": "7",
  "8": "8",
  "9": "9",
  "10": "10",
  "11": "11",
  "12": "12",
  "13": "13",
  "14": "14",
  "15": "15",
  "16": "16",
  "17": "17",
  "18": "18",
  "19": "19",
  "20": "20",
  "21": "21",
  "22": "22",
  "23": "23",
  "24": "24",
  "25": "25",
  "26": "26",
  "27": "27",
  "28": "28",
  "29": "29",
  "30": "30",
  "31": "31",
  "Trigger flow with fixed schedule": "触发带固定计划的流程",
  "Every X Minutes": "每 X 分钟",
  "Every Hour": "每小时",
  "Every Day": "每天",
  "Every Week": "每周",
  "Every Month": "每个月",
  "Cron Expression": "Cron 表达式",
  "Triggers the current flow every X minutes": "每隔X分钟触发当前流",
  "Triggers the current flow every hour": "每小时触发当前流",
  "Triggers the current flow every day": "每天触发当前流",
  "Triggers the current flow every week": "每周触发当前流",
  "Triggers the current flow every month": "每月触发当前流",
  "Trigger based on cron expression": "基于cron 表达式触发器",
  "Minutes": "分钟",
  "Run on weekends (Sat,Sun)": "周末运行 (Sat,Sun)",
  "Hour of the day": "当天的一小时",
  "Timezone": "Timezone",
  "Day of the week": "一周中的天",
  "Day of the month": "月份的日",
  "Valid value between 1 to 59.": "有效值介于 1 到 59 之间。",
  "Cron expression to trigger": "要触发的 Cron 表达式",
  "1 minute": "1 分钟",
  "2 minutes": "2 分钟",
  "3 minutes": "3分钟",
  "4 minutes": "4 分钟",
  "5 minutes": "5 分钟",
  "6 minutes": "6 分钟",
  "7 minutes": "7 分钟",
  "8 minutes": "8 分钟",
  "9 minutes": "9 分钟",
  "10 minutes": "10 分钟",
  "11 minutes": "11 分钟",
  "12 minutes": "12 分钟",
  "13 minutes": "13 分钟",
  "14 minutes": "14 分钟",
  "15 minutes": "15 分钟",
  "16 minutes": "16 分钟",
  "17 minutes": "17 分钟",
  "18 minutes": "18 分钟",
  "19 minutes": "19 分钟",
  "20 minutes": "20 分钟",
  "21 minutes": "21 分钟",
  "22 minutes": "22 分钟",
  "23 minutes": "23 分钟",
  "24 minutes": "24 分钟",
  "25 minutes": "25 分钟",
  "26 minutes": "26 分钟",
  "27 minutes": "27 分钟",
  "28 minutes": "28 分钟",
  "29 minutes": "29 分钟",
  "30 minutes": "30 分钟",
  "31 minutes": "31 分钟",
  "32 minutes": "32 分钟",
  "33 minutes": "33 分钟",
  "34 minutes": "34 分钟",
  "35 minutes": "35 分钟",
  "36 minutes": "36 分钟",
  "37 minutes": "37 分钟",
  "38 minutes": "38 分钟",
  "39 minutes": "39 分钟",
  "40 minutes": "40 分钟",
  "41 minutes": "41 分钟",
  "42 minutes": "42 分钟",
  "43 minutes": "43 分钟",
  "44 minutes": "44 分钟",
  "45 minutes": "45 分钟",
  "46 minutes": "46分钟",
  "47 minutes": "47 分钟",
  "48 minutes": "48 分钟",
  "49 minutes": "49分钟",
  "50 minutes": "50 分钟",
  "51 minutes": "51 分钟",
  "52 minutes": "52 分钟",
  "53 minutes": "53分钟",
  "54 minutes": "54分钟",
  "55 minutes": "55 分钟",
  "56 minutes": "56 分钟",
  "57 minutes": "57 分钟",
  "58 minutes": "58 分钟",
  "59 minutes": "59 分钟",
  "Midnight": "午夜：",
  "1 am": "1 点",
  "2 am": "2 点",
  "3 am": "3 点",
  "4 am": "4 点",
  "5 am": "5 点",
  "6 am": "6 点",
  "7 am": "7 点",
  "8 am": "8 点",
  "9 am": "9 点",
  "10 am": "10 点",
  "11 am": "上午11点",
  "Noon": "Noon",
  "1 pm": "1 点",
  "2 pm": "2 点",
  "3 pm": "3 点",
  "4 pm": "4 点",
  "5 pm": "5 点",
  "6 pm": "6 点",
  "7 pm": "7 点",
  "8 pm": "8 点",
  "9 pm": "9 点",
  "10 pm": "10 点",
  "11 pm": "11 点",
  "(GMT-11:00) Pacific, Midway": "(GMT-11:00) Pacific, Midway",
  "(GMT-11:00) Pacific, Niue": "(GMT-11:00) 太平洋，纽埃岛",
  "(GMT-11:00) Pacific, Pago Pago": "(GMT-11:00) 太平洋，帕果帕果岛",
  "(GMT-10:00) Pacific, Honolulu": "(GMT-10:00) 太平洋，火奴鲁鲁",
  "(GMT-10:00) Pacific, Rarotonga": "(GMT-10:00) Pacific, Rarotonga",
  "(GMT-10:00) Pacific, Tahiti": "(GMT-10:00) 太平洋，塔希提岛",
  "(GMT-09:30) Pacific, Marquesas": "(GMT-09:30) 太平洋，马克萨斯州",
  "(GMT-09:00) America, Adak": "(GMT-09:00) 美洲，阿达克",
  "(GMT-09:00) Pacific, Gambier": "(GMT-09:00) 太平洋，冈比亚人",
  "(GMT-08:00) America, Anchorage": "(GMT-08:00) 美洲、安乔雷特",
  "(GMT-08:00) America, Juneau": "(GMT-08:00) America, Juneau",
  "(GMT-08:00) America, Metlakatla": "(GMT-08:00) America, Metlakatla",
  "(GMT-08:00) America, Nome": "(GMT-08:00) 美洲，诺梅州",
  "(GMT-08:00) America, Sitka": "(GMT-08:00) America, Sitka",
  "(GMT-08:00) America, Yakutat": "(GMT-08:00) America, Yakutat",
  "(GMT-08:00) Pacific, Pitcairn": "(GMT-08:00) 太平洋，皮特凯恩岛",
  "(GMT-07:00) America, Creston": "(GMT-07:00) 美洲，克雷斯顿",
  "(GMT-07:00) America, Dawson": "(GMT-07:00) 美洲，Dawson",
  "(GMT-07:00) America, Dawson Creek": "(GMT-07:00) America, Dawson Creek",
  "(GMT-07:00) America, Fort Nelson": "(GMT-07:00) 美洲，纳尔逊堡",
  "(GMT-07:00) America, Hermosillo": "(GMT-07:00) 美洲，Hermosillo",
  "(GMT-07:00) America, Los Angeles": "(GMT-07:00) 美洲，洛杉矶州",
  "(GMT-07:00) America, Mazatlan": "(GMT-07:00) America, Mazatlan",
  "(GMT-07:00) America, Phoenix": "(GMT-07:00) 美洲，菲尼克斯",
  "(GMT-07:00) America, Tijuana": "(GMT-07:00) 美洲，提华纳",
  "(GMT-07:00) America, Vancouver": "(GMT-07:00) America, Vancouver",
  "(GMT-07:00) America, Whitehorse": "(GMT-07:00) 美洲，怀特霍斯",
  "(GMT-06:00) America, Bahia Banderas": "(GMT-06:00) America, Bahia Banderas",
  "(GMT-06:00) America, Belize": "(GMT-06:00) 美洲、伯利兹",
  "(GMT-06:00) America, Boise": "(GMT-06:00) America, Boise",
  "(GMT-06:00) America, Cambridge Bay": "(GMT-06:00) 美洲，剑桥湾",
  "(GMT-06:00) America, Chihuahua": "(GMT-06:00) America, Chihuahua",
  "(GMT-06:00) America, Ciudad Juarez": "(GMT-06:00) America, Ciudad Juarez",
  "(GMT-06:00) America, Costa Rica": "(GMT-06:00) 美利坚合众国、哥斯达黎加",
  "(GMT-06:00) America, Denver": "(GMT-06:00) 美洲，丹佛州",
  "(GMT-06:00) America, Edmonton": "(GMT-06:00) 美国埃德蒙顿",
  "(GMT-06:00) America, El Salvador": "(GMT-06:00) 美洲、萨尔瓦多",
  "(GMT-06:00) America, Guatemala": "(GMT-06:00) America, Guatemala",
  "(GMT-06:00) America, Inuvik": "(GMT-06:00) America, Inuvik",
  "(GMT-06:00) America, Managua": "(GMT-06:00) America, Managua",
  "(GMT-06:00) America, Merida": "(GMT-06:00) 美洲，梅里达",
  "(GMT-06:00) America, Mexico City": "(GMT-06:00) 美洲、墨西哥城",
  "(GMT-06:00) America, Monterrey": "(GMT-06:00) America, Monterrey",
  "(GMT-06:00) America, Regina": "(GMT-06:00) 美洲，里贾纳",
  "(GMT-06:00) America, Swift Current": "(GMT-06:00) 美洲，Swift Current",
  "(GMT-06:00) America, Tegucigalpa": "(GMT-06:00) 美洲，特古西加尔巴",
  "(GMT-06:00) Pacific, Easter": "(GMT-06:00) 太平洋，复活节区",
  "(GMT-06:00) Pacific, Galapagos": "(GMT-06:00) 太平洋，加拉帕戈斯",
  "(GMT-05:00) America, Atikokan": "(GMT-05:00) America, Atikokan",
  "(GMT-05:00) America, Bogota": "(GMT-05:00) America, Bogota",
  "(GMT-05:00) America, Cancun": "(GMT-05:00) 美洲，坎昆州",
  "(GMT-05:00) America, Cayman": "(GMT-05:00) 美洲、开曼群岛",
  "(GMT-05:00) America, Chicago": "(GMT-05:00) 美洲，芝加哥",
  "(GMT-05:00) America, Eirunepe": "(GMT-05:00) 美洲，Eirunepe",
  "(GMT-05:00) America, Guayaquil": "(GMT-05:00) America, Guayaquil",
  "(GMT-05:00) America, Indiana, Knox": "(GMT-05:00) 美洲、印第安纳、 Knox",
  "(GMT-05:00) America, Indiana, Tell City": "(GMT-05:00) 美洲、印第安纳州，泰尔城",
  "(GMT-05:00) America, Jamaica": "(GMT-05:00) 美洲、牙买加",
  "(GMT-05:00) America, Lima": "(GMT-05:00) 美洲，利马",
  "(GMT-05:00) America, Matamoros": "(GMT-05:00) 美国马塔莫罗斯",
  "(GMT-05:00) America, Menominee": "(GMT-05:00) 美洲，梅诺米内",
  "(GMT-05:00) America, North Dakota, Beulah": "(GMT-05:00) 美洲，北达科他，比乌拉",
  "(GMT-05:00) America, North Dakota, Center": "(GMT-05:00) 美洲，北达科他，中心",
  "(GMT-05:00) America, North Dakota, New Salem": "(GMT-05:00) 美洲，北达科他，新萨利姆",
  "(GMT-05:00) America, Ojinaga": "(GMT-05:00) 美洲，Ojinaga",
  "(GMT-05:00) America, Panama": "(GMT-05:00) 美洲、巴拿马",
  "(GMT-05:00) America, Rankin Inlet": "(GMT-05:00) 美洲、兰金因莱特",
  "(GMT-05:00) America, Resolute": "(GMT-05:00) 美洲，决议",
  "(GMT-05:00) America, Rio Branco": "(GMT-05:00) America, Rio Branco",
  "(GMT-05:00) America, Winnipeg": "(GMT-05:00) 美洲，温尼伯州",
  "(GMT-04:00) America, Anguilla": "(GMT-04:00) 美洲、安圭拉",
  "(GMT-04:00) America, Antigua": "(GMT-04:00) 美洲，安提瓜岛",
  "(GMT-04:00) America, Aruba": "(GMT-04:00) 美洲，阿鲁巴",
  "(GMT-04:00) America, Asuncion": "(GMT-04:00) 美洲，亚松森",
  "(GMT-04:00) America, Barbados": "(GMT-04:00) 美洲、巴巴多斯",
  "(GMT-04:00) America, Blanc-Sablon": "(GMT-04:00) 美洲，Blanc-Sablon",
  "(GMT-04:00) America, Boa Vista": "(GMT-04:00) America, Boa Vista",
  "(GMT-04:00) America, Campo Grande": "(GMT-04:00) 美洲，坎波格朗德",
  "(GMT-04:00) America, Caracas": "(GMT-04:00) 美洲、加拉加斯。",
  "(GMT-04:00) America, Cuiaba": "(GMT-04:00) 美洲，库亚巴",
  "(GMT-04:00) America, Curacao": "(GMT-04:00) 美洲，库拉索岛",
  "(GMT-04:00) America, Detroit": "(GMT-04:00) 美洲、底特罗特",
  "(GMT-04:00) America, Dominica": "(GMT-04:00) America, Dominica",
  "(GMT-04:00) America, Grand Turk": "(GMT-04:00) 美洲，大特克",
  "(GMT-04:00) America, Grenada": "(GMT-04:00) 美洲、格林纳达",
  "(GMT-04:00) America, Guadeloupe": "(GMT-04:00) America, Guadeloupe",
  "(GMT-04:00) America, Guyana": "(GMT-04:00) 美洲、圭亚那",
  "(GMT-04:00) America, Havana": "(GMT-04:00) America, Havana",
  "(GMT-04:00) America, Indiana, Indianapolis": "(GMT-04:00) 美洲、印第安纳波利斯",
  "(GMT-04:00) America, Indiana, Marengo": "(GMT-04:00) 美洲、印第安纳州、马伦哥州",
  "(GMT-04:00) America, Indiana, Petersburg": "(GMT-04:00) 美洲，印第安纳州，彼得堡",
  "(GMT-04:00) America, Indiana, Vevay": "(GMT-04:00) 美洲、印第安纳州和沃ay",
  "(GMT-04:00) America, Indiana, Vincennes": "(GMT-04:00) 美洲，印第安纳州，芬森州",
  "(GMT-04:00) America, Indiana, Winamac": "(GMT-04:00) 美洲、印地安那、维纳马克",
  "(GMT-04:00) America, Iqaluit": "(GMT-04:00) America, Iqaluit",
  "(GMT-04:00) America, Kentucky, Louisville": "(GMT-04:00) 美洲、肯塔基、路易斯维尔",
  "(GMT-04:00) America, Kentucky, Monticello": "(GMT-04:00) 美洲，肯塔基，蒙蒂略州",
  "(GMT-04:00) America, Kralendijk": "(GMT-04:00) America, Kralendijk",
  "(GMT-04:00) America, La Paz": "(GMT-04:00) 美洲，拉巴斯",
  "(GMT-04:00) America, Lower Princes": "(GMT-04:00) 美洲，下普林斯州",
  "(GMT-04:00) America, Manaus": "(GMT-04:00) America, Manaus",
  "(GMT-04:00) America, Marigot": "(GMT-04:00) 美洲，Marigot",
  "(GMT-04:00) America, Martinique": "(GMT-04:00) 美洲，马提尼克",
  "(GMT-04:00) America, Montserrat": "(GMT-04:00) America, Montserrat",
  "(GMT-04:00) America, Nassau": "(GMT-04:00) America, Nassau",
  "(GMT-04:00) America, New York": "(GMT-04:00) 美洲，纽约",
  "(GMT-04:00) America, Port of Spain": "(GMT-04:00) 美洲，西班牙港",
  "(GMT-04:00) America, Port-au-Prince": "(GMT-04:00) 美洲，太子港",
  "(GMT-04:00) America, Porto Velho": "(GMT-04:00) America, Porto Velho",
  "(GMT-04:00) America, Puerto Rico": "(GMT-04:00) 美洲，Puerto Rico",
  "(GMT-04:00) America, Santiago": "(GMT-04:00) 美洲，Santiago",
  "(GMT-04:00) America, Santo Domingo": "(GMT-04:00) 美洲，圣多明各州",
  "(GMT-04:00) America, St. Barthelemy": "(GMT-04:00) America, St. Barthelemy",
  "(GMT-04:00) America, St. Kitts": "(GMT-04:00) 美洲，圣基茨。",
  "(GMT-04:00) America, St. Lucia": "(GMT-04:00) America, St. Lucia",
  "(GMT-04:00) America, St. Thomas": "(GMT-04:00) 美洲，圣托马斯",
  "(GMT-04:00) America, St. Vincent": "(GMT-04:00) 美洲，圣文森特岛",
  "(GMT-04:00) America, Toronto": "(GMT-04:00) 美洲，多伦多",
  "(GMT-04:00) America, Tortola": "(GMT-04:00) 美洲，特尔托拉",
  "(GMT-03:00) America, Araguaina": "(GMT-03:00) America, Araguaina",
  "(GMT-03:00) America, Argentina, Buenos Aires": "(GMT-03:00) America, Argentina, Buenos Aires",
  "(GMT-03:00) America, Argentina, Catamarca": "(GMT-03:00) 美洲、阿根廷，卡塔马卡",
  "(GMT-03:00) America, Argentina, Cordoba": "(GMT-03:00) 美洲、阿根廷，科尔多巴",
  "(GMT-03:00) America, Argentina, Jujuy": "(GMT-03:00) America, Argentina, Jujuy",
  "(GMT-03:00) America, Argentina, La Rioja": "(GMT-03:00) 美洲、阿根廷拉里奥亚",
  "(GMT-03:00) America, Argentina, Mendoza": "(GMT-03:00) 美洲、阿根廷，门多萨州",
  "(GMT-03:00) America, Argentina, Rio Gallegos": "(GMT-03:00) America, Argentina, Rio Gallegos",
  "(GMT-03:00) America, Argentina, Salta": "(GMT-03:00) 美洲、阿根廷、萨尔塔",
  "(GMT-03:00) America, Argentina, San Juan": "(GMT-03:00) 美洲、阿根廷、圣胡安州",
  "(GMT-03:00) America, Argentina, San Luis": "(GMT-03:00) 美洲、阿根廷、圣路易斯",
  "(GMT-03:00) America, Argentina, Tucuman": "(GMT-03:00) 美洲、阿根廷、图库曼",
  "(GMT-03:00) America, Argentina, Ushuaia": "(GMT-03:00) America, Argentina, Ushuaia",
  "(GMT-03:00) America, Bahia": "(GMT-03:00) America, Bahia",
  "(GMT-03:00) America, Belem": "(GMT-03:00) America, Belem",
  "(GMT-03:00) America, Cayenne": "(GMT-03:00) America, Cayenne",
  "(GMT-03:00) America, Fortaleza": "(GMT-03:00) 美洲，福塔莱萨",
  "(GMT-03:00) America, Glace Bay": "(GMT-03:00) 美洲，Glace Bay",
  "(GMT-03:00) America, Goose Bay": "(GMT-03:00) 美洲，戈斯湾",
  "(GMT-03:00) America, Halifax": "(GMT-03:00) 美洲，Halifax",
  "(GMT-03:00) America, Maceio": "(GMT-03:00) 美洲，Maceio",
  "(GMT-03:00) America, Moncton": "(GMT-03:00) America, Moncton",
  "(GMT-03:00) America, Montevideo": "(GMT-03:00) 美洲，蒙得维的亚",
  "(GMT-03:00) America, Paramaribo": "(GMT-03:00) 美洲，帕拉马里博州",
  "(GMT-03:00) America, Punta Arenas": "(GMT-03:00) 美洲、蓬塔阿雷纳斯州",
  "(GMT-03:00) America, Recife": "(GMT-03:00) 美洲，累西夫",
  "(GMT-03:00) America, Santarem": "(GMT-03:00) 美国桑塔雷姆",
  "(GMT-03:00) America, Sao Paulo": "(GMT-03:00) America, Sao Paulo",
  "(GMT-03:00) America, Thule": "(GMT-03:00) 美洲，图勒州",
  "(GMT-03:00) Antarctica, Palmer": "(GMT-03:00) 南极洲，帕尔默州",
  "(GMT-03:00) Antarctica, Rothera": "(GMT-03:00) 南极洲，罗瑟拉",
  "(GMT-03:00) Atlantic, Bermuda": "(GMT-03:00) 大西洋，百慕大",
  "(GMT-03:00) Atlantic, Stanley": "(GMT-03:00) 大西洋、斯坦利",
  "(GMT-02:30) America, St. Johns": "(GMT-02:30)，美国圣约翰斯",
  "(GMT-02:00) America, Miquelon": "(GMT-02:00) 美洲，密克隆岛",
  "(GMT-02:00) America, Noronha": "(GMT-02:00) 美洲，诺罗纳",
  "(GMT-02:00) America, Nuuk": "(GMT-02:00) America, Nuuk",
  "(GMT-02:00) Atlantic, South Georgia": "(GMT-02:00) 大西洋，南乔治亚州",
  "(GMT-01:00) Atlantic, Cape Verde": "(GMT-01:00) 大西洋，佛得角",
  "(GMT) Africa, Abidjan": "(GMT) Africa, Abid",
  "(GMT) Africa, Accra": "(GMT) Africa, Arab",
  "(GMT) Africa, Bamako": "(GMT) Africa, Bamako",
  "(GMT) Africa, Banjul": "(GMT) Africa, Banjul",
  "(GMT) Africa, Bissau": "非洲（GMT），比绍。",
  "(GMT) Africa, Conakry": "(GMT) Africa, Conakry",
  "(GMT) Africa, Dakar": "(GMT) Africa, Dakar",
  "(GMT) Africa, Freetown": "(GMT) Africa, Freetown",
  "(GMT) Africa, Lome": "(GMT) Africa, Lome",
  "(GMT) Africa, Monrovia": "(GMT) Africa, Monrovia",
  "(GMT) Africa, Nouakchott": "(GMT) Africa, Nouakchott",
  "(GMT) Africa, Ouagadougou": "(GMT) Africa, Ouagadougou",
  "(GMT) Africa, Sao Tome": "(GMT) Africa, Sao Tome",
  "(GMT) America, Danmarkshavn": "(GMT) America, Danmarkshavn",
  "(GMT) America, Scoresbysund": "(GMT) America, Scoresbysund",
  "(GMT) Atlantic, Azores": "(GMT) 大西洋，亚速尔群岛",
  "(GMT) Atlantic, Reykjavik": "(GMT) Atlantic, Reykjavik",
  "(GMT) Atlantic, St. Helena": "（GMT） 大西洋，圣赫勒拿岛",
  "(GMT) UTC": "(GMT) UTC",
  "(GMT+01:00) Africa, Algiers": "(GMT+01:00) Africa, Algiers",
  "(GMT+01:00) Africa, Bangui": "(GMT+01:00) 非洲(班吉)",
  "(GMT+01:00) Africa, Brazzaville": "(GMT+01:00) Africa, Brazaville",
  "(GMT+01:00) Africa, Casablanca": "(GMT+01:00) 非洲卡萨布兰卡",
  "(GMT+01:00) Africa, Douala": "(GMT+01:00) Africa, Douala",
  "(GMT+01:00) Africa, El Aaiun": "(GMT+01:00) Africa, El Aaiun",
  "(GMT+01:00) Africa, Kinshasa": "(GMT+01:00) Africa, Kinshasa",
  "(GMT+01:00) Africa, Lagos": "(GMT+01:00) Africa, Lagos",
  "(GMT+01:00) Africa, Libreville": "(GMT+01:00) 非洲，利伯维尔",
  "(GMT+01:00) Africa, Luanda": "(GMT+01:00) Africa, Luanda",
  "(GMT+01:00) Africa, Malabo": "(GMT+01:00) Africa, Malabo",
  "(GMT+01:00) Africa, Ndjamena": "(GMT+01:00) 非洲 Ndjamena",
  "(GMT+01:00) Africa, Niamey": "(GMT+01:00) Africa, Niamey",
  "(GMT+01:00) Africa, Porto-Novo": "(GMT+01:00) Africa, Porto-Novo",
  "(GMT+01:00) Africa, Tunis": "(GMT+01:00) Africa, Tunis",
  "(GMT+01:00) Atlantic, Canary": "(GMT+01:00) 大西洋，加那利州",
  "(GMT+01:00) Atlantic, Faroe": "(GMT+01:00) 大西洋，法罗州",
  "(GMT+01:00) Atlantic, Madeira": "(GMT+01:00) 大西洋，马德拉",
  "(GMT+01:00) Europe, Dublin": "(GMT+01:00) 欧洲都柏林州",
  "(GMT+01:00) Europe, Guernsey": "(GMT+01:00) Europe, Guernsey",
  "(GMT+01:00) Europe, Isle of Man": "(GMT+01:00) Europe, Isle of Man",
  "(GMT+01:00) Europe, Jersey": "(GMT+01:00) 欧洲，泽西州",
  "(GMT+01:00) Europe, Lisbon": "(GMT+01:00) Europe, 里斯本。",
  "(GMT+01:00) Europe, London": "(GMT+01:00) Europe, London",
  "(GMT+02:00) Africa, Blantyre": "(GMT+02:00) Africa, Blantyre",
  "(GMT+02:00) Africa, Bujumbura": "(GMT+02:00) Africa, Bujumbura",
  "(GMT+02:00) Africa, Ceuta": "(GMT+02:00) 非洲, 休达州",
  "(GMT+02:00) Africa, Gaborone": "(GMT+02:00) Africa, Gaborone",
  "(GMT+02:00) Africa, Harare": "(GMT+02:00) 非洲 Harare",
  "(GMT+02:00) Africa, Johannesburg": "(GMT+02:00) Africa, Johannesburg",
  "(GMT+02:00) Africa, Juba": "(GMT+02:00) Africa, Juba",
  "(GMT+02:00) Africa, Khartoum": "(GMT+02:00) Africa, Khartoum",
  "(GMT+02:00) Africa, Kigali": "(GMT+02:00) Africa, Kigali",
  "(GMT+02:00) Africa, Lubumbashi": "(GMT+02:00) 非洲卢本巴希州",
  "(GMT+02:00) Africa, Lusaka": "(GMT+02:00) 非洲，《卢萨卡》",
  "(GMT+02:00) Africa, Maputo": "(GMT+02:00) Africa, Maputo",
  "(GMT+02:00) Africa, Maseru": "(GMT+02:00) Africa, Maseru",
  "(GMT+02:00) Africa, Mbabane": "(GMT+02:00) Africa, Mbabane",
  "(GMT+02:00) Africa, Tripoli": "(GMT+02:00) Africa, Tripoli",
  "(GMT+02:00) Africa, Windhoek": "(GMT+02:00) 非洲温得和克",
  "(GMT+02:00) Antarctica, Troll": "(GMT+02:00) 南极洲, Trol",
  "(GMT+02:00) Arctic, Longyearbyen": "(GMT+02:00) 北极，Longyearbyen",
  "(GMT+02:00) Europe, Amsterdam": "(GMT+02:00) Europe, Amsterdam",
  "(GMT+02:00) Europe, Andorra": "(GMT+02:00) Europe, Andrés",
  "(GMT+02:00) Europe, Belgrade": "(GMT+02:00) Europe, Belgrade",
  "(GMT+02:00) Europe, Berlin": "(GMT+02:00) Europe, Berlin",
  "(GMT+02:00) Europe, Bratislava": "(GMT+02:00) Europe, Bratislava",
  "(GMT+02:00) Europe, Brussels": "(GMT+02:00) 欧洲，布鲁塞尔",
  "(GMT+02:00) Europe, Budapest": "(GMT+02:00) Europe, Budapest",
  "(GMT+02:00) Europe, Busingen": "(GMT+02:00) Europe, Busingen",
  "(GMT+02:00) Europe, Copenhagen": "(GMT+02:00) Europe, Copen",
  "(GMT+02:00) Europe, Gibraltar": "(GMT+02:00) 欧洲",
  "(GMT+02:00) Europe, Kaliningrad": "(GMT+02:00) Europe, Kaliningrad",
  "(GMT+02:00) Europe, Ljubljana": "(GMT+02:00) Europe, Ljubljana",
  "(GMT+02:00) Europe, Luxembourg": "(GMT+02:00) 欧洲，卢森堡",
  "(GMT+02:00) Europe, Madrid": "(GMT+02:00) Europe, Madrid",
  "(GMT+02:00) Europe, Malta": "(GMT+02:00) 欧洲，马耳他",
  "(GMT+02:00) Europe, Monaco": "(GMT+02:00) 欧洲、摩纳哥",
  "(GMT+02:00) Europe, Oslo": "(GMT+02:00) Europe, Oslo",
  "(GMT+02:00) Europe, Paris": "(GMT+02:00) Europe, Paris",
  "(GMT+02:00) Europe, Podgorica": "(GMT+02:00) Europe, Podgorica",
  "(GMT+02:00) Europe, Prague": "(GMT+02:00) Europe, Brague",
  "(GMT+02:00) Europe, Rome": "(GMT+02:00) Europe, Rome",
  "(GMT+02:00) Europe, San Marino": "(GMT+02:00) Europe, San Marino",
  "(GMT+02:00) Europe, Sarajevo": "(GMT+02:00) Europe, Sarajevo",
  "(GMT+02:00) Europe, Skopje": "(GMT+02:00) Europe, Skopje",
  "(GMT+02:00) Europe, Stockholm": "(GMT+02:00) Europe, Stockholm",
  "(GMT+02:00) Europe, Tirane": "(GMT+02:00) Europe, Tirane",
  "(GMT+02:00) Europe, Vaduz": "(GMT+02:00) Europe, Vaduz",
  "(GMT+02:00) Europe, Vatican": "(GMT+02:00) Europe, Vatican",
  "(GMT+02:00) Europe, Vienna": "(GMT+02:00) Europe, Vienna",
  "(GMT+02:00) Europe, Warsaw": "(GMT+02:00) Europe, 华沙州",
  "(GMT+02:00) Europe, Zagreb": "(GMT+02:00) Europe, Zagreb",
  "(GMT+02:00) Europe, Zurich": "(GMT+02:00) Europe, Zurich",
  "(GMT+03:00) Africa, Addis Ababa": "(GMT+03:00) 非洲",
  "(GMT+03:00) Africa, Asmara": "(GMT+03:00) 非洲",
  "(GMT+03:00) Africa, Cairo": "(GMT+03:00) Africa, Cairo",
  "(GMT+03:00) Africa, Dar es Salaam": "(GMT+03:00) 非洲，达累斯萨拉姆。",
  "(GMT+03:00) Africa, Djibouti": "(GMT+03:00) Africa, Djibouti",
  "(GMT+03:00) Africa, Kampala": "(GMT+03:00) Africa, Kampala",
  "(GMT+03:00) Africa, Mogadishu": "(GMT+03:00) Africa, Mogadishu",
  "(GMT+03:00) Africa, Nairobi": "(GMT+03:00) 非洲, 内罗毕",
  "(GMT+03:00) Antarctica, Syowa": "(GMT+03:00) 南极洲, Syowa",
  "(GMT+03:00) Asia, Aden": "(GMT+03:00) Asia, Aden",
  "(GMT+03:00) Asia, Amman": "(GMT+03:00) Asia, Amman",
  "(GMT+03:00) Asia, Baghdad": "(GMT+03:00) Asia, Baghdad",
  "(GMT+03:00) Asia, Bahrain": "(GMT+03:00) 亚洲、巴林",
  "(GMT+03:00) Asia, Beirut": "(GMT+03:00) Asia, Beirut",
  "(GMT+03:00) Asia, Damascus": "(GMT+03:00) 亚洲，大马士革。",
  "(GMT+03:00) Asia, Famagusta": "(GMT+03:00) Asia, Famagusta",
  "(GMT+03:00) Asia, Gaza": "(GMT+03:00) Asia, Gaza",
  "(GMT+03:00) Asia, Hebron": "(GMT+03:00) 亚洲、希伯来语",
  "(GMT+03:00) Asia, Jerusalem": "(GMT+03:00) Asia, Jerusalem",
  "(GMT+03:00) Asia, Kuwait": "(GMT+03:00) 亚洲、科威特",
  "(GMT+03:00) Asia, Nicosia": "(GMT+03:00) Asia, Nicosia",
  "(GMT+03:00) Asia, Qatar": "(GMT+03:00) 亚洲、卡塔尔",
  "(GMT+03:00) Asia, Riyadh": "(GMT+03:00) Asia, Riyadh",
  "(GMT+03:00) Europe, Athens": "(GMT+03:00) Europe, Athens",
  "(GMT+03:00) Europe, Bucharest": "(GMT+03:00) Europe, Bucharest",
  "(GMT+03:00) Europe, Chisinau": "(GMT+03:00) Europe, Chisinau",
  "(GMT+03:00) Europe, Helsinki": "(GMT+03:00) Europe, Helsinki",
  "(GMT+03:00) Europe, Istanbul": "(GMT+03:00) Europe, Istanbul",
  "(GMT+03:00) Europe, Kirov": "(GMT+03:00) Europe, Kirov",
  "(GMT+03:00) Europe, Kyiv": "(GMT+03:00) Europe, Kyiv",
  "(GMT+03:00) Europe, Mariehamn": "(GMT+03:00) Europe, Mariehamn",
  "(GMT+03:00) Europe, Minsk": "(GMT+03:00) Europe, 明斯克",
  "(GMT+03:00) Europe, Moscow": "(GMT+03:00) Europe, Moscow",
  "(GMT+03:00) Europe, Riga": "(GMT+03:00) Europe, Riga",
  "(GMT+03:00) Europe, Simferopol": "(GMT+03:00) Europe, Simferopol",
  "(GMT+03:00) Europe, Sofia": "(GMT+03:00) Europe, Sofia",
  "(GMT+03:00) Europe, Tallinn": "(GMT+03:00) Europe, Tallinn",
  "(GMT+03:00) Europe, Vilnius": "(GMT+03:00) Europe, Vilnius",
  "(GMT+03:00) Europe, Volgograd": "(GMT+03:00) Europe, Volgograd",
  "(GMT+03:00) Indian, Antananarivo": "(GMT+03:00) 印第安人，塔那那利佛州",
  "(GMT+03:00) Indian, Comoro": "(GMT+03:00) Indian, Comoro",
  "(GMT+03:00) Indian, Mayotte": "(GMT+03:00) 印第安人，马约特",
  "(GMT+03:30) Asia, Tehran": "(GMT+03:30) 亚洲，德黑兰。",
  "(GMT+04:00) Asia, Baku": "(GMT+04:00) Asia, Baku",
  "(GMT+04:00) Asia, Dubai": "(GMT+04:00) Asia, Dubai",
  "(GMT+04:00) Asia, Muscat": "(GMT+04:00) Asia, Muscat",
  "(GMT+04:00) Asia, Tbilisi": "(GMT+04:00) 亚洲，第比利斯。",
  "(GMT+04:00) Asia, Yerevan": "(GMT+04:00) Asia, Yerevan",
  "(GMT+04:00) Europe, Astrakhan": "(GMT+04:00) Europe, Astrakhan",
  "(GMT+04:00) Europe, Samara": "(GMT+04:00) Europe, Samara",
  "(GMT+04:00) Europe, Saratov": "(GMT+04:00) Europe, Saratov",
  "(GMT+04:00) Europe, Ulyanovsk": "(GMT+04:00) Europe, Ulyanovsk",
  "(GMT+04:00) Indian, Mahe": "(GMT+04:00) 印第安人，Mahe",
  "(GMT+04:00) Indian, Mauritius": "(GMT+04:00) Indian, Mauritius",
  "(GMT+04:00) Indian, Reunion": "(GMT+04:00) 印第安人，留尼旺岛",
  "(GMT+04:30) Asia, Kabul": "(GMT+04:30)亚洲，喀布尔。",
  "(GMT+05:00) Antarctica, Mawson": "(GMT+05:00) Antarctica, Mawson",
  "(GMT+05:00) Asia, Aqtau": "(GMT+05:00) Asia, Aqtau",
  "(GMT+05:00) Asia, Aqtobe": "(GMT+05:00) Asia, Aqtobe",
  "(GMT+05:00) Asia, Ashgabat": "(GMT+05:00) Asia, Ashgabat",
  "(GMT+05:00) Asia, Atyrau": "(GMT+05:00) Asia, Atyrau",
  "(GMT+05:00) Asia, Dushanbe": "(GMT+05:00) Asia, Dushanbe",
  "(GMT+05:00) Asia, Karachi": "(GMT+05:00) Asia, Karachi",
  "(GMT+05:00) Asia, Oral": "(GMT+05:00) Asia, 口头报告",
  "(GMT+05:00) Asia, Qyzylorda": "(GMT+05:00) Asia, Qyzylorda",
  "(GMT+05:00) Asia, Samarkand": "(GMT+05:00) Asia, Samarkand",
  "(GMT+05:00) Asia, Tashkent": "(GMT+05:00) Asia, Tashkent",
  "(GMT+05:00) Asia, Yekaterinburg": "(GMT+05:00) Asia, Yekaterinburg",
  "(GMT+05:00) Indian, Kerguelen": "(GMT+05:00) 印地安, Kerguelen",
  "(GMT+05:00) Indian, Maldives": "(GMT+05:00) 印度、马尔代夫",
  "(GMT+05:30) Asia, Colombo": "(GMT+05:30) Asia, Colombo",
  "(GMT+05:30) Asia, Kolkata": "(GMT+05:30) Asia, Kolkata",
  "(GMT+05:45) Asia, Kathmandu": "(GMT+05:45) Asia, Kathmandu",
  "(GMT+06:00) Antarctica, Vostok": "(GMT+06:00) 南极洲，沃斯托克",
  "(GMT+06:00) Asia, Almaty": "(GMT+06:00) Asia, Almath",
  "(GMT+06:00) Asia, Bishkek": "(GMT+06:00) Asia, Bishkek",
  "(GMT+06:00) Asia, Dhaka": "(GMT+06:00) Asia, Dhaka",
  "(GMT+06:00) Asia, Omsk": "(GMT+06:00) 亚洲，奥姆斯克",
  "(GMT+06:00) Asia, Qostanay": "(GMT+06:00) Asia, Qostanay",
  "(GMT+06:00) Asia, Thimphu": "(GMT+06:00) 亚洲，廷布州",
  "(GMT+06:00) Asia, Urumqi": "(GMT+06:00) Asia, Urumqi",
  "(GMT+06:00) Indian, Chagos": "(GMT+06:00) 印第安人，查戈斯",
  "(GMT+06:30) Asia, Yangon": "(GMT+06:30) Asia, Yangon",
  "(GMT+06:30) Indian, Cocos": "(GMT+06:30) 印第安人，Cocos",
  "(GMT+07:00) Antarctica, Davis": "(GMT+07:00) 南极洲，戴维斯",
  "(GMT+07:00) Asia, Bangkok": "(GMT+07:00) Asia, Bangkok",
  "(GMT+07:00) Asia, Barnaul": "(GMT+07:00) Asia, Barnaul",
  "(GMT+07:00) Asia, Ho Chi Minh": "(GMT+07:00) Asia, Ho Chi Minh",
  "(GMT+07:00) Asia, Hovd": "(GMT+07:00) Asia, Hovd",
  "(GMT+07:00) Asia, Jakarta": "(GMT+07:00) Asia, Jakarta",
  "(GMT+07:00) Asia, Krasnoyarsk": "(GMT+07:00) Asia, Krasnoyarsk",
  "(GMT+07:00) Asia, Novokuznetsk": "(GMT+07:00) Asia, Novokuznetsk",
  "(GMT+07:00) Asia, Novosibirsk": "(GMT+07:00) Asia, Novosibirsk",
  "(GMT+07:00) Asia, Phnom Penh": "(GMT+07:00) Asia, Phnom Penh",
  "(GMT+07:00) Asia, Pontianak": "(GMT+07:00) Asia, Pontianak",
  "(GMT+07:00) Asia, Tomsk": "(GMT+07:00) Asia, Tomsky",
  "(GMT+07:00) Asia, Vientiane": "(GMT+07:00) Asia, Vientiane",
  "(GMT+07:00) Indian, Christmas": "(GMT+07:00) 印度，圣诞岛",
  "(GMT+08:00) Asia, Brunei": "(GMT+08:00) Asia, Bruno",
  "(GMT+08:00) Asia, Choibalsan": "(GMT+08:00) 亚洲，Choibalsan",
  "(GMT+08:00) Asia, Hong Kong": "(GMT+08:00) Asia, Hong Kong",
  "(GMT+08:00) Asia, Irkutsk": "(GMT+08:00) Asia, Irkutsk",
  "(GMT+08:00) Asia, Kuala Lumpur": "(GMT+08:00) Asia, Kuala Lumpur",
  "(GMT+08:00) Asia, Kuching": "(GMT+08:00) Asia, Kuching",
  "(GMT+08:00) Asia, Macau": "(GMT+08:00) Asia, Macau",
  "(GMT+08:00) Asia, Makassar": "(GMT+08:00) Asia, Makassar",
  "(GMT+08:00) Asia, Manila": "(GMT+08:00) Asia, Manila",
  "(GMT+08:00) Asia, Shanghai": "(GMT+08:00) Asia, Shanghai",
  "(GMT+08:00) Asia, Singapore": "(GMT+08:00) 亚洲、新加坡",
  "(GMT+08:00) Asia, Taipei": "(GMT+08:00) Asia, Taipei",
  "(GMT+08:00) Asia, Ulaanbaatar": "(GMT+08:00) Asia, Ulaanbaatar",
  "(GMT+08:00) Australia, Perth": "(GMT+08:00) 澳大利亚，珀斯",
  "(GMT+08:45) Australia, Eucla": "(GMT+08:45) Australia, Eucla",
  "(GMT+09:00) Asia, Chita": "(GMT+09:00) Asia, Chita",
  "(GMT+09:00) Asia, Dili": "(GMT+09:00) Asia, Dili",
  "(GMT+09:00) Asia, Jayapura": "(GMT+09:00) Asia, Jayapura",
  "(GMT+09:00) Asia, Khandyga": "(GMT+09:00) Asia, Khandyga",
  "(GMT+09:00) Asia, Pyongyang": "(GMT+09:00) Asia, Pyongyang",
  "(GMT+09:00) Asia, Seoul": "(GMT+09:00) Asia, Seoul",
  "(GMT+09:00) Asia, Tokyo": "(GMT+09:00) Asia, Tokyo",
  "(GMT+09:00) Asia, Yakutsk": "(GMT+09:00) Asia, Yakutsk",
  "(GMT+09:00) Pacific, Palau": "(GMT+09:00) 太平洋，帕劳。",
  "(GMT+09:30) Australia, Adelaide": "(GMT+09:30) 澳大利亚，阿德莱德",
  "(GMT+09:30) Australia, Broken Hill": "(GMT+09:30) 澳大利亚，破碎的山地",
  "(GMT+09:30) Australia, Darwin": "(GMT+09:30) 澳大利亚，达尔文",
  "(GMT+10:00) Antarctica, DumontDUrville": "(GMT+10:00) Antarctica, DumontDUrville",
  "(GMT+10:00) Antarctica, Macquarie": "(GMT+10:00) 南极洲，Macquarie",
  "(GMT+10:00) Asia, Ust-Nera": "(GMT+10:00) Asia, Ust-Nera",
  "(GMT+10:00) Asia, Vladivostok": "(GMT+10:00) Asia, Vladivostok",
  "(GMT+10:00) Australia, Brisbane": "(GMT+10:00) 澳大利亚 Brisbane",
  "(GMT+10:00) Australia, Hobart": "(GMT+10:00) Australia, Hobart",
  "(GMT+10:00) Australia, Lindeman": "(GMT+10:00) 澳大利亚 Lindeman",
  "(GMT+10:00) Australia, Melbourne": "(GMT+10:00) 澳大利亚，墨尔本",
  "(GMT+10:00) Australia, Sydney": "(GMT+10:00) 澳大利亚 悉尼",
  "(GMT+10:00) Pacific, Chuuk": "(GMT+10:00) 太平洋，丘克",
  "(GMT+10:00) Pacific, Guam": "(GMT+10:00) 太平洋，关岛",
  "(GMT+10:00) Pacific, Port Moresby": "(GMT+10:00) 太平洋，莫尔兹比港",
  "(GMT+10:00) Pacific, Saipan": "(GMT+10:00) 太平洋，赛班岛",
  "(GMT+10:30) Australia, Lord Howe": "(GMT+10:30) 澳大利亚，霍威勋爵。",
  "(GMT+11:00) Antarctica, Casey": "(GMT+11:00) Antarctica, Casey",
  "(GMT+11:00) Asia, Magadan": "(GMT+11:00) Asia, Magadan",
  "(GMT+11:00) Asia, Sakhalin": "(GMT+11:00) Asia, Sakhalin",
  "(GMT+11:00) Asia, Srednekolymsk": "(GMT+11:00) Asia, Srednekolymsk",
  "(GMT+11:00) Pacific, Bougainville": "(GMT+11:00) 太平洋，布干维尔岛",
  "(GMT+11:00) Pacific, Efate": "(GMT+11:00) 太平洋，Efate",
  "(GMT+11:00) Pacific, Guadalcanal": "(GMT+11:00) 太平洋，瓜达尔卡纳尔州",
  "(GMT+11:00) Pacific, Kosrae": "(GMT+11:00) 太平洋，科斯拉",
  "(GMT+11:00) Pacific, Norfolk": "(GMT+11:00) 太平洋，诺福克",
  "(GMT+11:00) Pacific, Noumea": "(GMT+11:00) 太平洋，努美亚",
  "(GMT+11:00) Pacific, Pohnpei": "(GMT+11:00) 太平洋，波恩佩岛",
  "(GMT+12:00) Antarctica, McMurdo": "(GMT+12:00) 南极洲，McMurdo",
  "(GMT+12:00) Asia, Anadyr": "(GMT+12:00) Asia, Anadyr",
  "(GMT+12:00) Asia, Kamchatka": "(GMT+12:00) Asia, Kamchatka",
  "(GMT+12:00) Pacific, Auckland": "(GMT+12:00) 太平洋，奥克兰",
  "(GMT+12:00) Pacific, Fiji": "(GMT+12:00) 太平洋，斐济",
  "(GMT+12:00) Pacific, Funafuti": "(GMT+12:00) 太平洋，富纳富提岛",
  "(GMT+12:00) Pacific, Kwajalein": "(GMT+12:00) 太平洋，夸贾林岛",
  "(GMT+12:00) Pacific, Majuro": "(GMT+12:00) 太平洋，马朱罗州",
  "(GMT+12:00) Pacific, Nauru": "(GMT+12:00) 太平洋，瑙鲁。",
  "(GMT+12:00) Pacific, Tarawa": "(GMT+12:00) 太平洋，塔拉瓦州",
  "(GMT+12:00) Pacific, Wake": "(GMT+12:00) 太平洋，唤醒",
  "(GMT+12:00) Pacific, Wallis": "(GMT+12:00) 太平洋，瓦利斯",
  "(GMT+12:45) Pacific, Chatham": "(GMT+12:45) 太平洋，查塔姆",
  "(GMT+13:00) Pacific, Apia": "(GMT+13:00) 太平洋，阿皮亚",
  "(GMT+13:00) Pacific, Fakaofo": "(GMT+13:00) Pacific, Fakaofo",
  "(GMT+13:00) Pacific, Kanton": "(GMT+13:00) 太平洋，坎顿",
  "(GMT+13:00) Pacific, Tongatapu": "(GMT+13:00) 太平洋，汤加图",
  "(GMT+14:00) Pacific, Kiritimati": "(GMT+14:00) 太平洋，Kiritimati",
  "Sunday": "周日",
  "Monday": "周一",
  "Tuesday": "星期二",
  "Wednesday": "星期三",
  "Thursday": "星期四",
  "Friday": "星期五",
  "Saturday": "周六"
}