{
  "Self-hosted email marketing software": "Software de marketing de correo electrónico autoalojado",
  "Sendy Domain": "Dominio de envío",
  "API Key": "Clave API",
  "Brand ID": "Marca ID",
  "The domain of your Sendy account": "El dominio de su cuenta de envío",
  "The API key for your Sendy account": "La clave API para tu cuenta de Sendy",
  "The brand ID that will be associated to this connection. Brand IDs can be found on the main Brands page.": "El ID de marca que se asociará a esta conexión. Los ID de marca se pueden encontrar en la página principal de marcas.",
  "\nYour sendy domain should be the base URL of your Sendy installation. Example: https://sendy.example.com\n\nFollow these instructions to get your Sendy API Key:\n\n1. Visit the Settings page of your Sendy domain: _https://sendy-domain.com_/settings\n2. Once on the website, locate and click on the API Key and copy it.\n\nGet your Brand ID from the main Brands page. The ID is the first column in the table.\n": "\nYour sendy domain should be the base URL of your Sendy installation. Example: https://sendy.example.com\n\nFollow these instructions to get your Sendy API Key:\n\n1. Visit the Settings page of your Sendy domain: _https://sendy-domain.com_/settings\n2. Once on the website, locate and click on the API Key and copy it.\n\nGet your Brand ID from the main Brands page. The ID is the first column in the table.\n",
  "Count Active Subscribers": "Cuenta de suscriptores activos",
  "Create Campaign": "Crear Campaña",
  "Delete Subscriber": "Eliminar suscriptor",
  "Get Brands": "Obtener marcas",
  "Get Lists for a Brand": "Obtener listas para una marca",
  "Get Subscription Status": "Obtener estado de suscripción",
  "Subscribe Updated": "Suscribirse actualizado",
  "Subscribe Multiple Lists": "Suscribirse a múltiples listas",
  "Unsubscribe": "Darse de baja",
  "Unsubscribe Multiple Lists": "Darse de baja de múltiples listas",
  "Get the active subscriber count for a list": "Obtener el recuento de suscriptores activos para una lista",
  "Create a new campaign": "Crear una nueva campaña",
  "Delete a subscriber from a list": "Eliminar un suscriptor de una lista",
  "Get a list of brands from Sendy": "Obtén una lista de marcas de Sendy",
  "Get the Lists for a Brand": "Obtén las listas para una marca",
  "Get the subscription status of a user": "Obtener el estado de suscripción de un usuario",
  "Add a new subscriber to a list": "Añadir un nuevo suscriptor a una lista",
  "Add a new subscriber to a multiple lists": "Añadir un nuevo suscriptor a varias listas",
  "Unsubscribe a subscriber from a list": "Darse de baja a un suscriptor de una lista",
  "Unsubscribe a subscriber from multiple lists": "Darse de baja a un suscriptor de varias listas",
  "List": "Lista",
  "From Email": "Desde Email",
  "From Name": "De nombre",
  "Reply To": "Responder a",
  "Title": "Título",
  "Subject": "Asunto",
  "Plain Text": "Texto simple",
  "HTML": "HTML",
  "Lists": "Listas",
  "Exclude Lists": "Excluir listas",
  "Segment IDs": "ID de segmento",
  "Exclude Segment IDs": "Excluir ID de segmento",
  "Query String": "Cadena de consulta",
  "Track Opens": "Pista abierta",
  "Track Clicks": "Clics de pista",
  "Automatically Send": "Enviar automáticamente",
  "Schedule the Campaign": "Programar la Campaña",
  "Timezone": "Timezone",
  "Email": "E-mail",
  "Include Hidden Lists": "Incluye listas ocultas",
  "Name": "Nombre",
  "Country": "País",
  "IP Address": "Dirección IP",
  "Referrer": "Referidor",
  "GDPR compliant": "compatible con GDPR",
  "Silent": "Silenciar",
  "Select the list to get the status from": "Seleccione la lista de la que obtener el estado",
  "The email address the campaign will be sent from": "La dirección de correo electrónico desde la que se enviará la campaña",
  "The name the campaign will be sent from": "El nombre desde el que se enviará la campaña",
  "The email address that will be used for replies": "La dirección de correo electrónico que se utilizará para las respuestas",
  "The title of the campaign": "El título de la campaña",
  "The subject of the campaign email": "El asunto del email de la campaña",
  "The plain text version of the campaign email": "La versión de texto plano del email de la campaña",
  "The HTML version of the campaign email": "La versión HTML del email de la campaña",
  "Select lists to send the campaign to": "Selecciona listas a las que enviar la campaña",
  "Select lists to exclude from the campaign send": "Seleccionar listas para excluir del envío de la campaña",
  "Comma separated list of segment IDs to send the campaign to": "Lista separada por comas de IDs de segmento a los que enviar la campaña",
  "Comma separated list of segment IDs to exclude from the campaign send": "Lista separada por comas de ID de segmento a excluir del envío de la campaña",
  "The query string to append to the campaign URL": "La cadena de consulta a añadir a la URL de la campaña",
  "Enable open tracking": "Activar seguimiento abierto",
  "Enable click tracking": "Habilitar rastreo de clic",
  "Automatically send the campaign after creation": "Enviar automáticamente la campaña después de la creación",
  "Schedule the campaign to be sent at a specific date and time. Date/time format: 2023-06-09T12:00:00Z": "Programar la campaña para ser enviada en una fecha y hora específica. Formato de fecha/hora 2023-06-09T12:00:00Z",
  "The timezone to use for the schedule": "La zona horaria a utilizar para el programa",
  "Select the list to delete from": "Seleccione la lista de la que eliminar",
  "The user's email": "El correo del usuario",
  "Include hidden lists in the results": "Incluye listas ocultas en los resultados",
  "Select the list to subscribe to": "Seleccione la lista a suscribirse",
  "The user's name": "El nombre del usuario",
  "The user's 2 letter country code": "Código de país de 2 letras del usuario",
  "The user's IP address": "La dirección IP del usuario",
  "The URL where the user signed up from": "La URL desde la que el usuario se registró",
  "If you're signing up EU users in a GDPR compliant manner, set to true": "Si estás registrando a los usuarios de la UE de una manera compatible con el RGPD, ajustado a verdadero",
  "set to true if your list is 'Double opt-in' but you want to bypass that and signup the user to the list as 'Single Opt-in instead' ": "establecido como verdadero si su lista es 'Doble opt-in' pero desea saltarse y registrarse al usuario en la lista como 'Única opt-in en su lugar' ",
  "Select the lists to subscribe to": "Selecciona las listas a las que suscribirte",
  "Select the list to unsubscribe from": "Seleccione la lista para darse de baja de",
  "Disable": "Desactivar",
  "Enable": "Activar",
  "Anonymous": "Anónimo",
  "Africa/Abidjan": "Africa/Abidjan",
  "Africa/Accra": "África/Accra",
  "Africa/Addis_Ababa": "África/Addis_Ababa",
  "Africa/Algiers": "Africa/Algiers",
  "Africa/Asmara": "Africa/Asmara",
  "Africa/Bamako": "África/Bamako",
  "Africa/Bangui": "África/Bangui",
  "Africa/Banjul": "Africa/Banjul",
  "Africa/Bissau": "Africa/Bissau",
  "Africa/Blantyre": "Africa/Blantyre",
  "Africa/Brazzaville": "África/Brasil",
  "Africa/Bujumbura": "Africa/Bujumbura",
  "Africa/Cairo": "Africa/Cairo",
  "Africa/Casablanca": "África/Casablanca",
  "Africa/Ceuta": "España/Ceuta",
  "Africa/Conakry": "Africa/Conakry",
  "Africa/Dakar": "Africa/Dakar",
  "Africa/Dar_es_Salaam": "Africa/Dar_es_Salaam",
  "Africa/Djibouti": "Africa/Djibouti",
  "Africa/Douala": "Africa/Douala",
  "Africa/El_Aaiun": "Africa/El_Aaiun",
  "Africa/Freetown": "Portugal/Freetown",
  "Africa/Gaborone": "Africa/Gaborone",
  "Africa/Harare": "África/Harare",
  "Africa/Johannesburg": "Africa/Johannesburg",
  "Africa/Juba": "Africa/Juba",
  "Africa/Kampala": "África/Kampala",
  "Africa/Khartoum": "Africa/Khartoum",
  "Africa/Kigali": "Africa/Kigali",
  "Africa/Kinshasa": "Africa/Kinshasa",
  "Africa/Lagos": "Africa/Lagos",
  "Africa/Libreville": "Portugal/Libreville",
  "Africa/Lome": "África/Loma",
  "Africa/Luanda": "África/Luanda",
  "Africa/Lubumbashi": "África/Lubumbashi",
  "Africa/Lusaka": "Africa/Lusaka",
  "Africa/Malabo": "Africa/Malabo",
  "Africa/Maputo": "África/Maputo",
  "Africa/Maseru": "Africa/Maseru",
  "Africa/Mbabane": "Africa/Mbabane",
  "Africa/Mogadishu": "Africa/Mogadishu",
  "Africa/Monrovia": "África/Monrovia",
  "Africa/Nairobi": "Noruega/Nairobi",
  "Africa/Ndjamena": "Africa/Ndjamena",
  "Africa/Niamey": "Africa/Niamey",
  "Africa/Nouakchott": "Africa/Nouakchott",
  "Africa/Ouagadougou": "Africa/Ouagadougou",
  "Africa/Porto-Novo": "Portugal/Porto-Novo",
  "Africa/Sao_Tome": "África/Sao_Tome",
  "Africa/Tripoli": "Africa/Tripoli",
  "Africa/Tunis": "México/Túnez",
  "Africa/Windhoek": "África/Vindhoek",
  "America/Adak": "America/Adak",
  "America/Anchorage": "América/Anchorage",
  "America/Anguilla": "America/Anguilla",
  "America/Antigua": "America/Antigua",
  "America/Araguaina": "America/Araguaina",
  "America/Argentina/Buenos_Aires": "America/Argentina/Buenos_Aires",
  "America/Argentina/Catamarca": "América/Argentina/Catamarca",
  "America/Argentina/Cordoba": "America/Argentina/Cordoba",
  "America/Argentina/Jujuy": "America/Argentina/Jujuy",
  "America/Argentina/La_Rioja": "America/Argentina/La_Rioja",
  "America/Argentina/Mendoza": "America/Argentina/Mendoza",
  "America/Argentina/Rio_Gallegos": "America/Argentina/Rio_Gallegos",
  "America/Argentina/Salta": "América/Argentina/Salta",
  "America/Argentina/San_Juan": "América/Argentina/San_Juan",
  "America/Argentina/San_Luis": "América/Argentina/San_Luis",
  "America/Argentina/Tucuman": "America/Argentina/Tucuman",
  "America/Argentina/Ushuaia": "America/Argentina/Ushuaia",
  "America/Aruba": "America/Aruba",
  "America/Asuncion": "América/República",
  "America/Atikokan": "America/Atikokan",
  "America/Bahia": "America/Bahia",
  "America/Bahia_Banderas": "America/Bahia_Banderas",
  "America/Barbados": "América/Barbados",
  "America/Belem": "America/Belem",
  "America/Belize": "América/Belice",
  "America/Blanc-Sablon": "America/Blanc-Sablon",
  "America/Boa_Vista": "América/Boa_Vista",
  "America/Bogota": "America/Bogota",
  "America/Boise": "America/Boise",
  "America/Cambridge_Bay": "América/Cambridge_Bay",
  "America/Campo_Grande": "América/Campo_Grande",
  "America/Cancun": "América/Cancun",
  "America/Caracas": "América/Caracas",
  "America/Cayenne": "America/Cayenne",
  "America/Cayman": "America/Cayman",
  "America/Chicago": "América/Chicago",
  "America/Chihuahua": "America/Chihuahua",
  "America/Ciudad_Juarez": "America/Ciudad_Juarez",
  "America/Costa_Rica": "América/Costa Rica",
  "America/Creston": "América/Creston",
  "America/Cuiaba": "America/Cuiaba",
  "America/Curacao": "America/Curacao",
  "America/Danmarkshavn": "America/Danmarkshavn",
  "America/Dawson": "América/Dawson",
  "America/Dawson_Creek": "América/Dawson_Creek",
  "America/Denver": "América/Denver",
  "America/Detroit": "América/Detroit",
  "America/Dominica": "América/Dominica",
  "America/Edmonton": "America/Edmonton",
  "America/Eirunepe": "America/Eirunepe",
  "America/El_Salvador": "America/El_Salvador",
  "America/Fort_Nelson": "América/Fort_Nelson",
  "America/Fortaleza": "America/Fortaleza",
  "America/Glace_Bay": "América/Glace_Bay",
  "America/Goose_Bay": "America/Goose_Bay",
  "America/Grand_Turk": "América/Gran Turk",
  "America/Grenada": "América/Granada",
  "America/Guadeloupe": "America/Guadeloupe",
  "America/Guatemala": "America/Guatemala",
  "America/Guayaquil": "America/Guayaquil",
  "America/Guyana": "America/Guyana",
  "America/Halifax": "América/Halifax",
  "America/Havana": "America/Havana",
  "America/Hermosillo": "América/Hermosillo",
  "America/Indiana/Indianapolis": "America/Indiana/Indianapolis",
  "America/Indiana/Knox": "América/Knox",
  "America/Indiana/Marengo": "América/Marengo",
  "America/Indiana/Petersburg": "América/Petersburgo",
  "America/Indiana/Tell_City": "América/Tell_City",
  "America/Indiana/Vevay": "America/Indiana/Vevay",
  "America/Indiana/Vincennes": "América/Vincennes",
  "America/Indiana/Winamac": "America/Indiana/Winamac",
  "America/Inuvik": "America/Inuvik",
  "America/Iqaluit": "America/Iqaluit",
  "America/Jamaica": "America/Jamaica",
  "America/Juneau": "América/Juneau",
  "America/Kentucky/Louisville": "América/Kentucky/Louisville",
  "America/Kentucky/Monticello": "América/Kentucky/Monticello",
  "America/Kralendijk": "America/Kralendijk",
  "America/La_Paz": "América/La_Paz",
  "America/Lima": "América/Lima",
  "America/Los_Angeles": "América/Los_Angeles",
  "America/Lower_Princes": "América/Lower_Princes",
  "America/Maceio": "América/Maceio",
  "America/Managua": "America/Managua",
  "America/Manaus": "America/Manaus",
  "America/Marigot": "America/Marigot",
  "America/Martinique": "América/Martinique",
  "America/Matamoros": "America/Matamoros",
  "America/Mazatlan": "America/Mazatlan",
  "America/Menominee": "América/Menominee",
  "America/Merida": "América/Mérida",
  "America/Metlakatla": "America/Metlakatla",
  "America/Mexico_City": "América/Ciudad de México",
  "America/Miquelon": "America/Miquelon",
  "America/Moncton": "America/Moncton",
  "America/Monterrey": "America/Monterrey",
  "America/Montevideo": "America/Montevideo",
  "America/Montserrat": "America/Montserrat",
  "America/Nassau": "America/Nassau",
  "America/New_York": "América/Nueva York",
  "America/Nome": "America/Nome",
  "America/Noronha": "America/Noronha",
  "America/North_Dakota/Beulah": "América/North_Dakota/Beulah",
  "America/North_Dakota/Center": "América/North_Dakota/Center",
  "America/North_Dakota/New_Salem": "América/North_Dakota/Nuevo_Salem",
  "America/Nuuk": "America/Nuuk",
  "America/Ojinaga": "America/Ojinaga",
  "America/Panama": "America/Panama",
  "America/Paramaribo": "America/Paramaribo",
  "America/Phoenix": "América/Fenix",
  "America/Port-au-Prince": "América/Puerto Príncipe",
  "America/Port_of_Spain": "América/Puerto de España",
  "America/Porto_Velho": "America/Porto_Velho",
  "America/Puerto_Rico": "America/Puerto_Rico",
  "America/Punta_Arenas": "America/Punta_Arenas",
  "America/Rankin_Inlet": "America/Rankin_Inlet",
  "America/Recife": "America/Recife",
  "America/Regina": "América/Regina",
  "America/Resolute": "America/Resolute",
  "America/Rio_Branco": "America/Rio_Branco",
  "America/Santarem": "America/Santarem",
  "America/Santiago": "America/Santiago",
  "America/Santo_Domingo": "América/Santo_Domingo",
  "America/Sao_Paulo": "America/Sao_Paulo",
  "America/Scoresbysund": "America/Scoresbysund",
  "America/Sitka": "America/Sitka",
  "America/St_Barthelemy": "America/St_Barthelemy",
  "America/St_Johns": "América/St_Johns",
  "America/St_Kitts": "América/St_Kitts",
  "America/St_Lucia": "America/St_Lucia",
  "America/St_Thomas": "América/Santo Tomás",
  "America/St_Vincent": "America/St_Vincent",
  "America/Swift_Current": "América/Swift_Current",
  "America/Tegucigalpa": "America/Tegucigalpa",
  "America/Thule": "America/Thule",
  "America/Tijuana": "America/Tijuana",
  "America/Toronto": "América/Toronto",
  "America/Tortola": "América/Tortola",
  "America/Vancouver": "America/Vancouver",
  "America/Whitehorse": "América/Whitehorse",
  "America/Winnipeg": "América/Winnipeg",
  "America/Yakutat": "America/Yakutat",
  "Antarctica/Casey": "Antártica/Casey",
  "Antarctica/Davis": "Antarctica/Davis",
  "Antarctica/DumontDUrville": "Antarctica/DumontDUrville",
  "Antarctica/Macquarie": "Antártica/Macquarie",
  "Antarctica/Mawson": "Antarctica/Mawson",
  "Antarctica/McMurdo": "Antarctica/McMurdo",
  "Antarctica/Palmer": "Antarctica/Palmer",
  "Antarctica/Rothera": "Antarctica/Rothera",
  "Antarctica/Syowa": "Antarctica/Syowa",
  "Antarctica/Troll": "Antarctica/Troll",
  "Antarctica/Vostok": "Antarctica/Vostok",
  "Arctic/Longyearbyen": "Ártico/Longyearbyen",
  "Asia/Aden": "Asia/Aden",
  "Asia/Almaty": "Asia/Almaty",
  "Asia/Amman": "Asia/Amman",
  "Asia/Anadyr": "Asia/Anadyr",
  "Asia/Aqtau": "Asia/Aqtau",
  "Asia/Aqtobe": "Asia/Aqtobe",
  "Asia/Ashgabat": "Asia/Ashgabat",
  "Asia/Atyrau": "Asia/Atyrau",
  "Asia/Baghdad": "Asia/Baghdad",
  "Asia/Bahrain": "Asia/Bahrain",
  "Asia/Baku": "Asia/Baku",
  "Asia/Bangkok": "Asia/Bangkok",
  "Asia/Barnaul": "Asia/Barnaul",
  "Asia/Beirut": "Asia/Beirut",
  "Asia/Bishkek": "Asia/Bishkek",
  "Asia/Brunei": "Asia/Brunei",
  "Asia/Chita": "Asia/Chita",
  "Asia/Choibalsan": "Asia/Choibalsan",
  "Asia/Colombo": "Asia/Colombia",
  "Asia/Damascus": "Asia/Damascus",
  "Asia/Dhaka": "Asia/Dhaka",
  "Asia/Dili": "Asia/Dili",
  "Asia/Dubai": "Asia/Dubai",
  "Asia/Dushanbe": "Asia/Dushanbe",
  "Asia/Famagusta": "Asia/Famagusta",
  "Asia/Gaza": "Asia/Gaza",
  "Asia/Hebron": "Asia/Hebron",
  "Asia/Ho_Chi_Minh": "Asia/Ho_Chi_Minh",
  "Asia/Hong_Kong": "Asia/Hong_Kong",
  "Asia/Hovd": "Asia/Hovd",
  "Asia/Irkutsk": "Asia/Irkutsk",
  "Asia/Jakarta": "Asia/Jakarta",
  "Asia/Jayapura": "Asia/Jayapura",
  "Asia/Jerusalem": "Asia/Jerusalén",
  "Asia/Kabul": "Asia/Kabul",
  "Asia/Kamchatka": "Asia/Kamchatka",
  "Asia/Karachi": "Asia/Karachi",
  "Asia/Kathmandu": "Asia/Kathmandu",
  "Asia/Khandyga": "Asia/Khandyga",
  "Asia/Kolkata": "Asia/Kolkata",
  "Asia/Krasnoyarsk": "Asia/Krasnoyarsk",
  "Asia/Kuala_Lumpur": "Asia/Kuala_Lumpur",
  "Asia/Kuching": "Asia/Kuching",
  "Asia/Kuwait": "Asia/Kuwait",
  "Asia/Macau": "Asia/Macau",
  "Asia/Magadan": "Asia/Magadan",
  "Asia/Makassar": "Asia/Makassar",
  "Asia/Manila": "Asia/Manila",
  "Asia/Muscat": "Asia/Moscatel",
  "Asia/Nicosia": "Asia/Nicosia",
  "Asia/Novokuznetsk": "Asia/Novokuznetsk",
  "Asia/Novosibirsk": "Asia/Novosibirsk",
  "Asia/Omsk": "Asia/Omsk",
  "Asia/Oral": "Asia/Oral",
  "Asia/Phnom_Penh": "Asia/Phnom_Penh",
  "Asia/Pontianak": "Asia/Pontianak",
  "Asia/Pyongyang": "Asia/Pyongyang",
  "Asia/Qatar": "Asia/Qatar",
  "Asia/Qostanay": "Asia/Qostanay",
  "Asia/Qyzylorda": "Asia/Qyzylorda",
  "Asia/Riyadh": "Asia/Riyadh",
  "Asia/Sakhalin": "Asia/Sakhalin",
  "Asia/Samarkand": "Asia/Samarkand",
  "Asia/Seoul": "Asia/Seúl",
  "Asia/Shanghai": "Asia/Shanghai",
  "Asia/Singapore": "Asia/Singapur",
  "Asia/Srednekolymsk": "Asia/Srednekolymsk",
  "Asia/Taipei": "Asia/Taipei",
  "Asia/Tashkent": "Asia/Tashkent",
  "Asia/Tbilisi": "Asia/Tbilisi",
  "Asia/Tehran": "Asia/Teherán",
  "Asia/Thimphu": "Asia/Thimphu",
  "Asia/Tokyo": "Asia/Tokyo",
  "Asia/Tomsk": "Asia/Tomsk",
  "Asia/Ulaanbaatar": "Asia/Ulaanbaatar",
  "Asia/Urumqi": "Asia/Urumqi",
  "Asia/Ust-Nera": "Asia/Ust-Nera",
  "Asia/Vientiane": "Asia/Vientiane",
  "Asia/Vladivostok": "Asia/Vladivostok",
  "Asia/Yakutsk": "Asia/Yakutsk",
  "Asia/Yangon": "Asia/Yangon",
  "Asia/Yekaterinburg": "Asia/Yekaterinburg",
  "Asia/Yerevan": "Asia/Yerevan",
  "Atlantic/Azores": "Atlantic/Azores",
  "Atlantic/Bermuda": "Atlántico/Bermudas",
  "Atlantic/Canary": "Atlántico/Canarias",
  "Atlantic/Cape_Verde": "Atlántico/Cabo Verde",
  "Atlantic/Faroe": "Atlántico/Faroe",
  "Atlantic/Madeira": "Atlántico/Madeira",
  "Atlantic/Reykjavik": "Atlantic/Reykjavik",
  "Atlantic/South_Georgia": "Atlántico/Sur_Georgia",
  "Atlantic/St_Helena": "Atlántico/San Helena",
  "Atlantic/Stanley": "Atlántico/Stanley",
  "Australia/Adelaide": "Australia/Adelaide",
  "Australia/Brisbane": "Alia/Brisbane",
  "Australia/Broken_Hill": "Alia/Broken_Hill",
  "Australia/Darwin": "Alia/Darwin",
  "Australia/Eucla": "Australia/Eucla",
  "Australia/Hobart": "Australia/Hobart",
  "Australia/Lindeman": "Australia/Lindeman",
  "Australia/Lord_Howe": "Australia/Lord_Howe",
  "Australia/Melbourne": "Alia/Melbourne",
  "Australia/Perth": "Alia/Perth",
  "Australia/Sydney": "Alia/Sídney",
  "Europe/Amsterdam": "Europa/Amsterdam",
  "Europe/Andorra": "Europa/Andorra",
  "Europe/Astrakhan": "Europe/Astrakhan",
  "Europe/Athens": "Europa/Athens",
  "Europe/Belgrade": "Europa/Belgrado",
  "Europe/Berlin": "Europa/Berlín",
  "Europe/Bratislava": "Europe/Bratislava",
  "Europe/Brussels": "Europa/Bruselas",
  "Europe/Bucharest": "Europa/Bucarest",
  "Europe/Budapest": "Europe/Budapest",
  "Europe/Busingen": "Europa/Busingen",
  "Europe/Chisinau": "Europe/Chisinau",
  "Europe/Copenhagen": "Europa/Copenhague",
  "Europe/Dublin": "Europa/Dublín",
  "Europe/Gibraltar": "Europa/Gibraltar",
  "Europe/Guernsey": "Europa/Guernsey",
  "Europe/Helsinki": "Europe/Helsinki",
  "Europe/Isle_of_Man": "Europa/Isla de Man",
  "Europe/Istanbul": "Europe/Istanbul",
  "Europe/Jersey": "Europa/Jersey",
  "Europe/Kaliningrad": "Europa/Kaliningrado",
  "Europe/Kirov": "Europe/Kirov",
  "Europe/Kyiv": "Europa/Kiev",
  "Europe/Lisbon": "Europa/Lisboa",
  "Europe/Ljubljana": "Europe/Ljubljana",
  "Europe/London": "Europa/Londres",
  "Europe/Luxembourg": "Europa/Luxemburgo",
  "Europe/Madrid": "Europa/Madrid",
  "Europe/Malta": "Europe/Malta",
  "Europe/Mariehamn": "Europa/Mariehamn",
  "Europe/Minsk": "Europa/Minsk",
  "Europe/Monaco": "Europa/Mónaco",
  "Europe/Moscow": "Europa/Moscú",
  "Europe/Oslo": "Europa/Oslo",
  "Europe/Paris": "Europa/París",
  "Europe/Podgorica": "Europa/Podgorica",
  "Europe/Prague": "Europa/Praga",
  "Europe/Riga": "Europa/Riga",
  "Europe/Rome": "Europa/Roma",
  "Europe/Samara": "Europa/Samara",
  "Europe/San_Marino": "Europa/San_Marino",
  "Europe/Sarajevo": "Europe/Sarajevo",
  "Europe/Saratov": "Europa/Saratov",
  "Europe/Simferopol": "Europe/Simferopol",
  "Europe/Skopje": "Europa/Skopje",
  "Europe/Sofia": "Europa/Sofía",
  "Europe/Stockholm": "Europa/Estocolmo",
  "Europe/Tallinn": "Europa/Tallin",
  "Europe/Tirane": "Europa/Tirane",
  "Europe/Ulyanovsk": "Europe/Ulyanovsk",
  "Europe/Vaduz": "Europa/Vaduz",
  "Europe/Vatican": "Europa/Vaticano",
  "Europe/Vienna": "Europa/Viena",
  "Europe/Vilnius": "Europe/Vilnius",
  "Europe/Volgograd": "Europe/Volgograd",
  "Europe/Warsaw": "Europa/Varsovia",
  "Europe/Zagreb": "Europe/Zagreb",
  "Europe/Zurich": "Europa/Zúrich",
  "Indian/Antananarivo": "Indian/Antananarivo",
  "Indian/Chagos": "Índico/Chagos",
  "Indian/Christmas": "Indio/Navidad",
  "Indian/Cocos": "Indio/Cocos",
  "Indian/Comoro": "Índico/Comoro",
  "Indian/Kerguelen": "Índico/Kerguelen",
  "Indian/Mahe": "Indio/Mahe",
  "Indian/Maldives": "Índico/Maldivas",
  "Indian/Mauritius": "Indian/Mauritius",
  "Indian/Mayotte": "Índico/Mayotte",
  "Indian/Reunion": "Indio/Reunión",
  "Pacific/Apia": "/Apia",
  "Pacific/Auckland": "Auckland",
  "Pacific/Bougainville": "/Bougainville",
  "Pacific/Chatham": "fichero/Catham",
  "Pacific/Chuuk": "fichero/Chuuk",
  "Pacific/Easter": "/Pascua",
  "Pacific/Efate": "Pacific/Efate",
  "Pacific/Fakaofo": "Pacific/Fakaofo",
  "Pacific/Fiji": "/Fiyi",
  "Pacific/Funafuti": "Fic/Funafuti",
  "Pacific/Galapagos": "Fic/Galapagos",
  "Pacific/Gambier": "Ficto/Gambier",
  "Pacific/Guadalcanal": "/Guadalquivir",
  "Pacific/Guam": "fichero/Guam",
  "Pacific/Honolulu": "Fic/Honolulu",
  "Pacific/Kanton": "Fic/Kanton",
  "Pacific/Kiritimati": "Fic/Kiritimati",
  "Pacific/Kosrae": "/Kosrae",
  "Pacific/Kwajalein": "Fic/Kwajalein",
  "Pacific/Majuro": "/Majuro",
  "Pacific/Marquesas": "Pacific/Marquesas",
  "Pacific/Midway": "Pacific/Midway",
  "Pacific/Nauru": "/Nauru",
  "Pacific/Niue": "Ficto/Niue",
  "Pacific/Norfolk": "Fic/Norfolk",
  "Pacific/Noumea": "Fic/Noumea",
  "Pacific/Pago_Pago": "fichero/Pago_Pago",
  "Pacific/Palau": "Fic/Palau",
  "Pacific/Pitcairn": "/Pitcairn",
  "Pacific/Pohnpei": "Fic/Pohnpei",
  "Pacific/Port_Moresby": "/Puerto_Moresby",
  "Pacific/Rarotonga": "Pacific/Rarotonga",
  "Pacific/Saipan": "fichero/Saipan",
  "Pacific/Tahiti": "/Tahití",
  "Pacific/Tarawa": "Fic/Tarawa",
  "Pacific/Tongatapu": "/Tongatapu",
  "Pacific/Wake": "/Despertar",
  "Pacific/Wallis": "/Wallis"
}