{
  "Self-hosted email marketing software": "Logiciel de marketing par e-mail auto-hébergé",
  "Sendy Domain": "Domaine Envoyé",
  "API Key": "Clé API",
  "Brand ID": "ID de la marque",
  "The domain of your Sendy account": "Le domaine de votre compte Sendy",
  "The API key for your Sendy account": "La clé API de votre compte Sendy",
  "The brand ID that will be associated to this connection. Brand IDs can be found on the main Brands page.": "L'ID de la marque qui sera associée à cette connexion. Les identifiants de la marque se trouvent sur la page principale des Marques.",
  "\nYour sendy domain should be the base URL of your Sendy installation. Example: https://sendy.example.com\n\nFollow these instructions to get your Sendy API Key:\n\n1. Visit the Settings page of your Sendy domain: _https://sendy-domain.com_/settings\n2. Once on the website, locate and click on the API Key and copy it.\n\nGet your Brand ID from the main Brands page. The ID is the first column in the table.\n": "\nYour sendy domain should be the base URL of your Sendy installation. Example: https://sendy.example.com\n\nFollow these instructions to get your Sendy API Key:\n\n1. Visit the Settings page of your Sendy domain: _https://sendy-domain.com_/settings\n2. Once on the website, locate and click on the API Key and copy it.\n\nGet your Brand ID from the main Brands page. The ID is the first column in the table.\n",
  "Count Active Subscribers": "Nombre d'abonnés actifs",
  "Create Campaign": "Créer une campagne",
  "Delete Subscriber": "Supprimer l'abonné",
  "Get Brands": "Obtenir des Marques",
  "Get Lists for a Brand": "Obtenir des listes pour une marque",
  "Get Subscription Status": "Obtenir le statut de l'abonnement",
  "Subscribe Updated": "Inscription mise à jour",
  "Subscribe Multiple Lists": "S'abonner à plusieurs listes",
  "Unsubscribe": "Se désabonner",
  "Unsubscribe Multiple Lists": "Se désabonner de plusieurs listes",
  "Get the active subscriber count for a list": "Obtenir le nombre d'abonnés actifs pour une liste",
  "Create a new campaign": "Créer une nouvelle campagne",
  "Delete a subscriber from a list": "Supprimer un abonné d'une liste",
  "Get a list of brands from Sendy": "Obtenir une liste de marques de Sendy",
  "Get the Lists for a Brand": "Obtenir les listes pour une marque",
  "Get the subscription status of a user": "Obtenir le statut d'abonnement d'un utilisateur",
  "Add a new subscriber to a list": "Ajouter un nouvel abonné à une liste",
  "Add a new subscriber to a multiple lists": "Ajouter un nouvel abonné à une liste multiple",
  "Unsubscribe a subscriber from a list": "Désabonner un abonné d'une liste",
  "Unsubscribe a subscriber from multiple lists": "Désabonner un abonné de plusieurs listes",
  "List": "Liste",
  "From Email": "De l'E-mail",
  "From Name": "De nom",
  "Reply To": "Répondre à",
  "Title": "Titre de la page",
  "Subject": "Sujet",
  "Plain Text": "Texte brut",
  "HTML": "HTML",
  "Lists": "Listes",
  "Exclude Lists": "Exclure les listes",
  "Segment IDs": "ID de segment",
  "Exclude Segment IDs": "Exclure les ID de segment",
  "Query String": "Chaîne de requête",
  "Track Opens": "Ouverture de la piste",
  "Track Clicks": "Clics de Piste",
  "Automatically Send": "Envoyer automatiquement",
  "Schedule the Campaign": "Planifier la campagne",
  "Timezone": "Fuseau horaire",
  "Email": "Courriel",
  "Include Hidden Lists": "Inclure les listes cachées",
  "Name": "Nom",
  "Country": "Pays",
  "IP Address": "Adresse IP",
  "Referrer": "Référent",
  "GDPR compliant": "Compatible avec le RGPD",
  "Silent": "Silencieux",
  "Select the list to get the status from": "Sélectionnez la liste pour obtenir le statut de",
  "The email address the campaign will be sent from": "L'adresse e-mail à partir de laquelle la campagne sera envoyée",
  "The name the campaign will be sent from": "Le nom de la campagne sera envoyé par",
  "The email address that will be used for replies": "L'adresse e-mail qui sera utilisée pour les réponses",
  "The title of the campaign": "Le titre de la campagne",
  "The subject of the campaign email": "Le sujet de l'e-mail de la campagne",
  "The plain text version of the campaign email": "La version en texte brut de l'e-mail de la campagne",
  "The HTML version of the campaign email": "La version HTML de l'email de la campagne",
  "Select lists to send the campaign to": "Sélectionnez les listes vers lesquelles envoyer la campagne",
  "Select lists to exclude from the campaign send": "Sélectionnez les listes à exclure de l'envoi de la campagne",
  "Comma separated list of segment IDs to send the campaign to": "Liste séparée par des virgules des ID de segment à envoyer à la campagne",
  "Comma separated list of segment IDs to exclude from the campaign send": "Liste séparée par des virgules des ID de segment à exclure de l'envoi de la campagne",
  "The query string to append to the campaign URL": "La chaîne de requête à ajouter à l'URL de la campagne",
  "Enable open tracking": "Activer le suivi des ouvertures",
  "Enable click tracking": "Activer le suivi des clics",
  "Automatically send the campaign after creation": "Envoyer automatiquement la campagne après la création",
  "Schedule the campaign to be sent at a specific date and time. Date/time format: 2023-06-09T12:00:00Z": "Planifiez la campagne à envoyer à une date et heure précises. Format Date/heure : 2023-06-09T12:00:00Z",
  "The timezone to use for the schedule": "Le fuseau horaire à utiliser pour le calendrier",
  "Select the list to delete from": "Sélectionnez la liste à supprimer de",
  "The user's email": "L'adresse e-mail de l'utilisateur",
  "Include hidden lists in the results": "Inclure les listes cachées dans les résultats",
  "Select the list to subscribe to": "Sélectionnez la liste à laquelle vous abonner",
  "The user's name": "Le nom de l'utilisateur",
  "The user's 2 letter country code": "Le code du pays de l'utilisateur à 2 lettres",
  "The user's IP address": "L'adresse IP de l'utilisateur",
  "The URL where the user signed up from": "L'URL à partir de laquelle l'utilisateur s'est inscrit",
  "If you're signing up EU users in a GDPR compliant manner, set to true": "Si vous inscrivez des utilisateurs de l'UE dans une manière conforme au RGPD, réglez sur true",
  "set to true if your list is 'Double opt-in' but you want to bypass that and signup the user to the list as 'Single Opt-in instead' ": "définir à true si votre liste est 'Double opt-in' mais vous voulez contourner cela et inscrire l'utilisateur à la liste comme 'Single Opt-in à la place' ",
  "Select the lists to subscribe to": "Sélectionnez les listes auxquelles vous souhaitez vous abonner",
  "Select the list to unsubscribe from": "Sélectionnez la liste à laquelle vous désinscrire",
  "Disable": "Désactiver",
  "Enable": "Activer",
  "Anonymous": "Anonyme",
  "Africa/Abidjan": "Africa/Abidjan",
  "Africa/Accra": "Afrique/Accra",
  "Africa/Addis_Ababa": "Afrique/Addis_Ababa",
  "Africa/Algiers": "Africa/Algiers",
  "Africa/Asmara": "Africa/Asmara",
  "Africa/Bamako": "Afrique/Bamako",
  "Africa/Bangui": "Afrique/Bangui",
  "Africa/Banjul": "Africa/Banjul",
  "Africa/Bissau": "Africa/Bissau",
  "Africa/Blantyre": "Africa/Blantyre",
  "Africa/Brazzaville": "Afrique/Brazzaville",
  "Africa/Bujumbura": "Africa/Bujumbura",
  "Africa/Cairo": "Africa/Cairo",
  "Africa/Casablanca": "Afrique/Casablanca",
  "Africa/Ceuta": "Afrique/Ceuta",
  "Africa/Conakry": "Africa/Conakry",
  "Africa/Dakar": "Africa/Dakar",
  "Africa/Dar_es_Salaam": "Africa/Dar_es_Salaam",
  "Africa/Djibouti": "Africa/Djibouti",
  "Africa/Douala": "Africa/Douala",
  "Africa/El_Aaiun": "Africa/El_Aaiun",
  "Africa/Freetown": "Afrique/Freetown",
  "Africa/Gaborone": "Africa/Gaborone",
  "Africa/Harare": "Afrique/Harare",
  "Africa/Johannesburg": "Africa/Johannesburg",
  "Africa/Juba": "Africa/Juba",
  "Africa/Kampala": "Afrique/Kampala",
  "Africa/Khartoum": "Africa/Khartoum",
  "Africa/Kigali": "Africa/Kigali",
  "Africa/Kinshasa": "Africa/Kinshasa",
  "Africa/Lagos": "Africa/Lagos",
  "Africa/Libreville": "Afrique/Libreville",
  "Africa/Lome": "Afrique/Lomé",
  "Africa/Luanda": "Afrique/Luanda",
  "Africa/Lubumbashi": "Afrique/Lubumbashi",
  "Africa/Lusaka": "Africa/Lusaka",
  "Africa/Malabo": "Africa/Malabo",
  "Africa/Maputo": "Afrique/Maputo",
  "Africa/Maseru": "Africa/Maseru",
  "Africa/Mbabane": "Africa/Mbabane",
  "Africa/Mogadishu": "Africa/Mogadishu",
  "Africa/Monrovia": "Afrique/Monrovia",
  "Africa/Nairobi": "Afrique/Nairobi",
  "Africa/Ndjamena": "Africa/Ndjamena",
  "Africa/Niamey": "Africa/Niamey",
  "Africa/Nouakchott": "Africa/Nouakchott",
  "Africa/Ouagadougou": "Africa/Ouagadougou",
  "Africa/Porto-Novo": "Afrique/Porto-Novo",
  "Africa/Sao_Tome": "Afrique/Sao_Tome",
  "Africa/Tripoli": "Africa/Tripoli",
  "Africa/Tunis": "Afrique/Tunis",
  "Africa/Windhoek": "Afrique/Windhoek",
  "America/Adak": "America/Adak",
  "America/Anchorage": "Amérique/Anchorage",
  "America/Anguilla": "America/Anguilla",
  "America/Antigua": "America/Antigua",
  "America/Araguaina": "America/Araguaina",
  "America/Argentina/Buenos_Aires": "America/Argentina/Buenos_Aires",
  "America/Argentina/Catamarca": "Amérique/Argentine/Catamarca",
  "America/Argentina/Cordoba": "America/Argentina/Cordoba",
  "America/Argentina/Jujuy": "America/Argentina/Jujuy",
  "America/Argentina/La_Rioja": "America/Argentina/La_Rioja",
  "America/Argentina/Mendoza": "America/Argentina/Mendoza",
  "America/Argentina/Rio_Gallegos": "America/Argentina/Rio_Gallegos",
  "America/Argentina/Salta": "Amérique/Argentine/Salta",
  "America/Argentina/San_Juan": "Amérique/Argentine/San Juan",
  "America/Argentina/San_Luis": "Amérique/Argentine/San_Luis",
  "America/Argentina/Tucuman": "America/Argentina/Tucuman",
  "America/Argentina/Ushuaia": "America/Argentina/Ushuaia",
  "America/Aruba": "America/Aruba",
  "America/Asuncion": "Amérique/Asuncion",
  "America/Atikokan": "America/Atikokan",
  "America/Bahia": "America/Bahia",
  "America/Bahia_Banderas": "America/Bahia_Banderas",
  "America/Barbados": "Amérique/Barbade",
  "America/Belem": "America/Belem",
  "America/Belize": "Amérique/Belize",
  "America/Blanc-Sablon": "America/Blanc-Sablon",
  "America/Boa_Vista": "Amérique/Boa_Vista",
  "America/Bogota": "America/Bogota",
  "America/Boise": "America/Boise",
  "America/Cambridge_Bay": "Amérique/Cambridge_Bay",
  "America/Campo_Grande": "Amérique/Campo_Grande",
  "America/Cancun": "Amérique/Cancun",
  "America/Caracas": "Amérique/Caracas",
  "America/Cayenne": "America/Cayenne",
  "America/Cayman": "America/Cayman",
  "America/Chicago": "Amérique/Chicago",
  "America/Chihuahua": "America/Chihuahua",
  "America/Ciudad_Juarez": "America/Ciudad_Juarez",
  "America/Costa_Rica": "Amérique/Costa_Rica",
  "America/Creston": "Amérique/Creston",
  "America/Cuiaba": "America/Cuiaba",
  "America/Curacao": "America/Curacao",
  "America/Danmarkshavn": "America/Danmarkshavn",
  "America/Dawson": "Amérique/Dawson",
  "America/Dawson_Creek": "Amérique/Dawson_Creek",
  "America/Denver": "Amérique/Denver",
  "America/Detroit": "Amérique/Detroit",
  "America/Dominica": "Amérique/Dominique",
  "America/Edmonton": "America/Edmonton",
  "America/Eirunepe": "America/Eirunepe",
  "America/El_Salvador": "America/El_Salvador",
  "America/Fort_Nelson": "Amérique/Fort_Nelson",
  "America/Fortaleza": "America/Fortaleza",
  "America/Glace_Bay": "Amérique/Glace_Bay",
  "America/Goose_Bay": "America/Goose_Bay",
  "America/Grand_Turk": "Amérique/Grand_Turk",
  "America/Grenada": "Amérique/Grenada",
  "America/Guadeloupe": "America/Guadeloupe",
  "America/Guatemala": "America/Guatemala",
  "America/Guayaquil": "America/Guayaquil",
  "America/Guyana": "America/Guyana",
  "America/Halifax": "Amérique/Halifax",
  "America/Havana": "America/Havana",
  "America/Hermosillo": "Amérique/Hermosillo",
  "America/Indiana/Indianapolis": "America/Indiana/Indianapolis",
  "America/Indiana/Knox": "Amérique/Indiana/Knox",
  "America/Indiana/Marengo": "Amérique/Indiana/Marengo",
  "America/Indiana/Petersburg": "Amérique/Indiana/Petersburg",
  "America/Indiana/Tell_City": "Amérique/Indiana/Tell_City",
  "America/Indiana/Vevay": "America/Indiana/Vevay",
  "America/Indiana/Vincennes": "Amérique/Indiana/Vincennes",
  "America/Indiana/Winamac": "America/Indiana/Winamac",
  "America/Inuvik": "America/Inuvik",
  "America/Iqaluit": "America/Iqaluit",
  "America/Jamaica": "America/Jamaica",
  "America/Juneau": "Amérique/Juneau",
  "America/Kentucky/Louisville": "Amérique/Kentucky/Louisville",
  "America/Kentucky/Monticello": "Amérique/Kentucky/Monticello",
  "America/Kralendijk": "America/Kralendijk",
  "America/La_Paz": "Amérique/La_Paz",
  "America/Lima": "Amérique/Lima",
  "America/Los_Angeles": "Amérique/Los_Angeles",
  "America/Lower_Princes": "Amérique/Lower_Princes",
  "America/Maceio": "Amérique/Maceio",
  "America/Managua": "America/Managua",
  "America/Manaus": "America/Manaus",
  "America/Marigot": "America/Marigot",
  "America/Martinique": "Amérique/Martinique",
  "America/Matamoros": "America/Matamoros",
  "America/Mazatlan": "America/Mazatlan",
  "America/Menominee": "Amérique/Menominee",
  "America/Merida": "Amérique/Merida",
  "America/Metlakatla": "America/Metlakatla",
  "America/Mexico_City": "Amérique/Mexico_City",
  "America/Miquelon": "America/Miquelon",
  "America/Moncton": "America/Moncton",
  "America/Monterrey": "America/Monterrey",
  "America/Montevideo": "Amérique/Montevideo",
  "America/Montserrat": "America/Montserrat",
  "America/Nassau": "America/Nassau",
  "America/New_York": "Amérique/New_York",
  "America/Nome": "America/Nome",
  "America/Noronha": "America/Noronha",
  "America/North_Dakota/Beulah": "Amérique/Dakota du Nord/Beulah",
  "America/North_Dakota/Center": "Amérique/Dakota du Nord/Centre",
  "America/North_Dakota/New_Salem": "Amérique/Dakota du Nord/New_Salem",
  "America/Nuuk": "America/Nuuk",
  "America/Ojinaga": "America/Ojinaga",
  "America/Panama": "America/Panama",
  "America/Paramaribo": "America/Paramaribo",
  "America/Phoenix": "Amérique/Phoenix",
  "America/Port-au-Prince": "Amérique/Port-au-Prince",
  "America/Port_of_Spain": "Amérique/Port_of_Spain",
  "America/Porto_Velho": "America/Porto_Velho",
  "America/Puerto_Rico": "America/Puerto_Rico",
  "America/Punta_Arenas": "America/Punta_Arenas",
  "America/Rankin_Inlet": "America/Rankin_Inlet",
  "America/Recife": "America/Recife",
  "America/Regina": "Amérique/Regina",
  "America/Resolute": "America/Resolute",
  "America/Rio_Branco": "America/Rio_Branco",
  "America/Santarem": "America/Santarem",
  "America/Santiago": "America/Santiago",
  "America/Santo_Domingo": "Amérique/Santo_Domingo",
  "America/Sao_Paulo": "America/Sao_Paulo",
  "America/Scoresbysund": "America/Scoresbysund",
  "America/Sitka": "America/Sitka",
  "America/St_Barthelemy": "America/St_Barthelemy",
  "America/St_Johns": "Amérique/St_Johns",
  "America/St_Kitts": "Amérique/St_Kitts",
  "America/St_Lucia": "America/St_Lucia",
  "America/St_Thomas": "Amérique/St_Thomas",
  "America/St_Vincent": "America/St_Vincent",
  "America/Swift_Current": "Amérique/Swift_Current",
  "America/Tegucigalpa": "America/Tegucigalpa",
  "America/Thule": "America/Thule",
  "America/Tijuana": "America/Tijuana",
  "America/Toronto": "Amérique/Toronto",
  "America/Tortola": "Amérique/Tortola",
  "America/Vancouver": "America/Vancouver",
  "America/Whitehorse": "Amérique/Whitehorse",
  "America/Winnipeg": "Amérique/Winnipeg",
  "America/Yakutat": "America/Yakutat",
  "Antarctica/Casey": "Antarctique/Casey",
  "Antarctica/Davis": "Antarctica/Davis",
  "Antarctica/DumontDUrville": "Antarctica/DumontDUrville",
  "Antarctica/Macquarie": "Antarctique / Macquarie",
  "Antarctica/Mawson": "Antarctica/Mawson",
  "Antarctica/McMurdo": "Antarctica/McMurdo",
  "Antarctica/Palmer": "Antarctica/Palmer",
  "Antarctica/Rothera": "Antarctica/Rothera",
  "Antarctica/Syowa": "Antarctica/Syowa",
  "Antarctica/Troll": "Antarctica/Troll",
  "Antarctica/Vostok": "Antarctica/Vostok",
  "Arctic/Longyearbyen": "Arctique/Longyearbyen",
  "Asia/Aden": "Asia/Aden",
  "Asia/Almaty": "Asia/Almaty",
  "Asia/Amman": "Asia/Amman",
  "Asia/Anadyr": "Asia/Anadyr",
  "Asia/Aqtau": "Asia/Aqtau",
  "Asia/Aqtobe": "Asia/Aqtobe",
  "Asia/Ashgabat": "Asia/Ashgabat",
  "Asia/Atyrau": "Asia/Atyrau",
  "Asia/Baghdad": "Asia/Baghdad",
  "Asia/Bahrain": "Asia/Bahrain",
  "Asia/Baku": "Asie/Baku",
  "Asia/Bangkok": "Asia/Bangkok",
  "Asia/Barnaul": "Asia/Barnaul",
  "Asia/Beirut": "Asia/Beirut",
  "Asia/Bishkek": "Asia/Bishkek",
  "Asia/Brunei": "Asia/Brunei",
  "Asia/Chita": "Asia/Chita",
  "Asia/Choibalsan": "Asia/Choibalsan",
  "Asia/Colombo": "Asie/Colombo",
  "Asia/Damascus": "Asia/Damascus",
  "Asia/Dhaka": "Asia/Dhaka",
  "Asia/Dili": "Asia/Dili",
  "Asia/Dubai": "Asia/Dubai",
  "Asia/Dushanbe": "Asia/Dushanbe",
  "Asia/Famagusta": "Asia/Famagusta",
  "Asia/Gaza": "Asia/Gaza",
  "Asia/Hebron": "Asia/Hebron",
  "Asia/Ho_Chi_Minh": "Asia/Ho_Chi_Minh",
  "Asia/Hong_Kong": "Asia/Hong_Kong",
  "Asia/Hovd": "Asie/Hovd",
  "Asia/Irkutsk": "Asia/Irkutsk",
  "Asia/Jakarta": "Asia/Jakarta",
  "Asia/Jayapura": "Asia/Jayapura",
  "Asia/Jerusalem": "Asie/Jérusalem",
  "Asia/Kabul": "Asie/Kaboul",
  "Asia/Kamchatka": "Asie/Kamchatka",
  "Asia/Karachi": "Asie/Karachi",
  "Asia/Kathmandu": "Asia/Kathmandu",
  "Asia/Khandyga": "Asia/Khandyga",
  "Asia/Kolkata": "Asia/Kolkata",
  "Asia/Krasnoyarsk": "Asia/Krasnoyarsk",
  "Asia/Kuala_Lumpur": "Asia/Kuala_Lumpur",
  "Asia/Kuching": "Asia/Kuching",
  "Asia/Kuwait": "Asia/Kuwait",
  "Asia/Macau": "Asia/Macau",
  "Asia/Magadan": "Asia/Magadan",
  "Asia/Makassar": "Asia/Makassar",
  "Asia/Manila": "Asie/Manille",
  "Asia/Muscat": "Asie/Muscat",
  "Asia/Nicosia": "Asia/Nicosia",
  "Asia/Novokuznetsk": "Asia/Novokuznetsk",
  "Asia/Novosibirsk": "Asia/Novosibirsk",
  "Asia/Omsk": "Asia/Omsk",
  "Asia/Oral": "Asie/Oral",
  "Asia/Phnom_Penh": "Asia/Phnom_Penh",
  "Asia/Pontianak": "Asia/Pontianak",
  "Asia/Pyongyang": "Asia/Pyongyang",
  "Asia/Qatar": "Asia/Qatar",
  "Asia/Qostanay": "Asia/Qostanay",
  "Asia/Qyzylorda": "Asia/Qyzylorda",
  "Asia/Riyadh": "Asia/Riyadh",
  "Asia/Sakhalin": "Asia/Sakhalin",
  "Asia/Samarkand": "Asia/Samarkand",
  "Asia/Seoul": "Asie/Séoul",
  "Asia/Shanghai": "Asia/Shanghai",
  "Asia/Singapore": "Asie/Singapour",
  "Asia/Srednekolymsk": "Asia/Srednekolymsk",
  "Asia/Taipei": "Asia/Taipei",
  "Asia/Tashkent": "Asia/Tashkent",
  "Asia/Tbilisi": "Asia/Tbilisi",
  "Asia/Tehran": "Asie/Téhéran",
  "Asia/Thimphu": "Asia/Thimphu",
  "Asia/Tokyo": "Asia/Tokyo",
  "Asia/Tomsk": "Asie/Tomsk",
  "Asia/Ulaanbaatar": "Asia/Ulaanbaatar",
  "Asia/Urumqi": "Asia/Urumqi",
  "Asia/Ust-Nera": "Asia/Ust-Nera",
  "Asia/Vientiane": "Asia/Vientiane",
  "Asia/Vladivostok": "Asia/Vladivostok",
  "Asia/Yakutsk": "Asia/Yakutsk",
  "Asia/Yangon": "Asia/Yangon",
  "Asia/Yekaterinburg": "Asia/Yekaterinburg",
  "Asia/Yerevan": "Asia/Yerevan",
  "Atlantic/Azores": "Atlantic/Azores",
  "Atlantic/Bermuda": "Atlantique/Bermudes",
  "Atlantic/Canary": "Atlantique/Canary",
  "Atlantic/Cape_Verde": "Atlantique/Cap Vert",
  "Atlantic/Faroe": "Atlantique/Féroé",
  "Atlantic/Madeira": "Atlantique/Madère",
  "Atlantic/Reykjavik": "Atlantic/Reykjavik",
  "Atlantic/South_Georgia": "Atlantique/Sud Géorgie",
  "Atlantic/St_Helena": "Atlantique/St_Helena",
  "Atlantic/Stanley": "Atlantique/Stanley",
  "Australia/Adelaide": "Australia/Adelaide",
  "Australia/Brisbane": "Australie/Brisbane",
  "Australia/Broken_Hill": "Australie/Broken_Hill",
  "Australia/Darwin": "Australie/Darwin",
  "Australia/Eucla": "Australia/Eucla",
  "Australia/Hobart": "Australia/Hobart",
  "Australia/Lindeman": "Australia/Lindeman",
  "Australia/Lord_Howe": "Australia/Lord_Howe",
  "Australia/Melbourne": "Australie/Melbourne",
  "Australia/Perth": "Australie/Perth",
  "Australia/Sydney": "Australie/Sydney",
  "Europe/Amsterdam": "Europe/Amsterdam",
  "Europe/Andorra": "Europe/Andorre",
  "Europe/Astrakhan": "Europe/Astrakhan",
  "Europe/Athens": "Europe/Athènes",
  "Europe/Belgrade": "Europe/Belgrade",
  "Europe/Berlin": "Europe/Berlin",
  "Europe/Bratislava": "Europe/Bratislava",
  "Europe/Brussels": "Europe/Bruxelles",
  "Europe/Bucharest": "Europe/Bucarest",
  "Europe/Budapest": "Europe/Budapest",
  "Europe/Busingen": "Europe/Busingen",
  "Europe/Chisinau": "Europe/Chisinau",
  "Europe/Copenhagen": "Europe/Copenhague",
  "Europe/Dublin": "Europe/Dublin",
  "Europe/Gibraltar": "Europe/Gibraltar",
  "Europe/Guernsey": "Europe/Guernesey",
  "Europe/Helsinki": "Europe/Helsinki",
  "Europe/Isle_of_Man": "Europe/Ile de Man",
  "Europe/Istanbul": "Europe/Istanbul",
  "Europe/Jersey": "Europe/Jersey",
  "Europe/Kaliningrad": "Europe/Kaliningrad",
  "Europe/Kirov": "Europe/Kirov",
  "Europe/Kyiv": "Europe/Kiev",
  "Europe/Lisbon": "Europe/Lisbonne",
  "Europe/Ljubljana": "Europe/Ljubljana",
  "Europe/London": "Europe/Londres",
  "Europe/Luxembourg": "Europe/Luxembourg",
  "Europe/Madrid": "Europe/Madrid",
  "Europe/Malta": "Europe/Malta",
  "Europe/Mariehamn": "Europe/Mariehamn",
  "Europe/Minsk": "Europe/Minsk",
  "Europe/Monaco": "Europe/Monaco",
  "Europe/Moscow": "Europe/Moscou",
  "Europe/Oslo": "Europe/Oslo",
  "Europe/Paris": "Europe/Paris",
  "Europe/Podgorica": "Europe/Podgorica",
  "Europe/Prague": "Europe/Prague",
  "Europe/Riga": "Europe/Riga",
  "Europe/Rome": "Europe/Rome",
  "Europe/Samara": "Europe/Samara",
  "Europe/San_Marino": "Europe/Saint-Marin",
  "Europe/Sarajevo": "Europe/Sarajevo",
  "Europe/Saratov": "Europe/Saratov",
  "Europe/Simferopol": "Europe/Simferopol",
  "Europe/Skopje": "Europe/Skopje",
  "Europe/Sofia": "Europe/Sofia",
  "Europe/Stockholm": "Europe/Stockholm",
  "Europe/Tallinn": "Europe/Tallinn",
  "Europe/Tirane": "Europe/Tirane",
  "Europe/Ulyanovsk": "Europe/Ulyanovsk",
  "Europe/Vaduz": "Europe/Vaduz",
  "Europe/Vatican": "Europe/Vatican",
  "Europe/Vienna": "Europe/Vienne",
  "Europe/Vilnius": "Europe/Vilnius",
  "Europe/Volgograd": "Europe/Volgograd",
  "Europe/Warsaw": "Europe/Varsovie",
  "Europe/Zagreb": "Europe/Zagreb",
  "Europe/Zurich": "Europe/Zurich",
  "Indian/Antananarivo": "Indian/Antananarivo",
  "Indian/Chagos": "Indien/Chagos",
  "Indian/Christmas": "Indien/Noël",
  "Indian/Cocos": "Indien/Cocos",
  "Indian/Comoro": "Indien/Comores",
  "Indian/Kerguelen": "Indien/Kerguelen",
  "Indian/Mahe": "Indien/Mahe",
  "Indian/Maldives": "Indien/Maldives",
  "Indian/Mauritius": "Indian/Mauritius",
  "Indian/Mayotte": "Indien/Mayotte",
  "Indian/Reunion": "Inde/Réunion",
  "Pacific/Apia": "Pacifique/Apia",
  "Pacific/Auckland": "Pacifique/Auckland",
  "Pacific/Bougainville": "Pacifique/Bougainville",
  "Pacific/Chatham": "Pacifique/Chatham",
  "Pacific/Chuuk": "Pacifique/Chuuk",
  "Pacific/Easter": "Pacifique/Pâques",
  "Pacific/Efate": "Pacific/Efate",
  "Pacific/Fakaofo": "Pacific/Fakaofo",
  "Pacific/Fiji": "Pacifique/Fidji",
  "Pacific/Funafuti": "Pacifique/Funafuti",
  "Pacific/Galapagos": "Pacifique/Galapagos",
  "Pacific/Gambier": "Pacifique/Gambier",
  "Pacific/Guadalcanal": "Pacifique/Guadalcanal",
  "Pacific/Guam": "Pacifique/Guam",
  "Pacific/Honolulu": "Pacifique/Honolulu",
  "Pacific/Kanton": "Pacifique/Kanton",
  "Pacific/Kiritimati": "Pacifique/Kiritimati",
  "Pacific/Kosrae": "Pacifique/Kosrae",
  "Pacific/Kwajalein": "Pacifique/Kwajalein",
  "Pacific/Majuro": "Pacifique/Majuro",
  "Pacific/Marquesas": "Pacific/Marquesas",
  "Pacific/Midway": "Pacific/Midway",
  "Pacific/Nauru": "Pacifique/Nauru",
  "Pacific/Niue": "Pacifique/Niue",
  "Pacific/Norfolk": "Pacifique/Norfolk",
  "Pacific/Noumea": "Pacifique/Nouméa",
  "Pacific/Pago_Pago": "Pacifique/Pago_Pago",
  "Pacific/Palau": "Pacifique/Palau",
  "Pacific/Pitcairn": "Pacifique/Pitcairn",
  "Pacific/Pohnpei": "Pacifique/Pohnpei",
  "Pacific/Port_Moresby": "Pacifique/Port Moresby",
  "Pacific/Rarotonga": "Pacific/Rarotonga",
  "Pacific/Saipan": "Pacifique/Saipan",
  "Pacific/Tahiti": "Pacifique/Tahiti",
  "Pacific/Tarawa": "Pacifique/Tarawa",
  "Pacific/Tongatapu": "Pacifique/Tongatapu",
  "Pacific/Wake": "Pacifique/Réveil",
  "Pacific/Wallis": "Pacifique/Wallis"
}