{
  "Sendy": "Sendy",
  "Self-hosted email marketing software": "セルフホスティングされたメールマーケティングソフトウェア",
  "Sendy Domain": "送信ドメイン",
  "API Key": "API キー",
  "Brand ID": "ブランドID",
  "The domain of your Sendy account": "Sendyアカウントのドメイン",
  "The API key for your Sendy account": "SendyアカウントのAPIキー",
  "The brand ID that will be associated to this connection. Brand IDs can be found on the main Brands page.": "この接続に関連付けられるブランドID。ブランドIDはメインのブランドページにあります。",
  "\nYour sendy domain should be the base URL of your Sendy installation. Example: https://sendy.example.com\n\nFollow these instructions to get your Sendy API Key:\n\n1. Visit the Settings page of your Sendy domain: _https://sendy-domain.com_/settings\n2. Once on the website, locate and click on the API Key and copy it.\n\nGet your Brand ID from the main Brands page. The ID is the first column in the table.\n": "\nYour sendy domain should be the base URL of your Sendy installation. Example: https://sendy.example.com\n\nFollow these instructions to get your Sendy API Key:\n\n1. Visit the Settings page of your Sendy domain: _https://sendy-domain.com_/settings\n2. Once on the website, locate and click on the API Key and copy it.\n\nGet your Brand ID from the main Brands page. The ID is the first column in the table.\n",
  "Count Active Subscribers": "アクティブな購読者をカウント",
  "Create Campaign": "キャンペーンを作成",
  "Delete Subscriber": "購読者を削除",
  "Get Brands": "ブランドを入手する",
  "Get Lists for a Brand": "ブランドのリストを取得",
  "Get Subscription Status": "サブスクリプションステータスを取得する",
  "Subscribe Updated": "購読更新",
  "Subscribe Multiple Lists": "複数のリストを購読する",
  "Unsubscribe": "購読解除",
  "Unsubscribe Multiple Lists": "複数のリストを購読解除する",
  "Get the active subscriber count for a list": "リストのアクティブな購読者数を取得する",
  "Create a new campaign": "新しいキャンペーンを作成",
  "Delete a subscriber from a list": "購読者をリストから削除",
  "Get a list of brands from Sendy": "Sendyからブランドのリストを取得する",
  "Get the Lists for a Brand": "ブランドのリストを取得",
  "Get the subscription status of a user": "ユーザーのサブスクリプションステータスを取得する",
  "Add a new subscriber to a list": "新しい購読者をリストに追加",
  "Add a new subscriber to a multiple lists": "複数のリストに新しい購読者を追加",
  "Unsubscribe a subscriber from a list": "購読者を一覧から解除する",
  "Unsubscribe a subscriber from multiple lists": "複数のリストから購読者を解除する",
  "List": "リスト",
  "From Email": "差出人メールアドレス",
  "From Name": "差出人名",
  "Reply To": "返信先",
  "Title": "タイトル",
  "Subject": "件名",
  "Plain Text": "プレーンテキスト",
  "HTML": "HTML",
  "Lists": "リスト",
  "Exclude Lists": "除外リスト",
  "Segment IDs": "セグメントID",
  "Exclude Segment IDs": "セグメントIDを除外",
  "Query String": "クエリ文字列",
  "Track Opens": "トラックが開きます",
  "Track Clicks": "クリックを追跡する",
  "Automatically Send": "自動送信",
  "Schedule the Campaign": "キャンペーンのスケジュール",
  "Timezone": "Timezone",
  "Email": "Eメールアドレス",
  "Include Hidden Lists": "隠しリストを含める",
  "Name": "名前",
  "Country": "国",
  "IP Address": "IP アドレス",
  "Referrer": "紹介者",
  "GDPR compliant": "GDPR に準拠しました",
  "Silent": "サイレントモード",
  "Select the list to get the status from": "ステータスを取得するリストを選択します。",
  "The email address the campaign will be sent from": "キャンペーンが送信されるメールアドレス",
  "The name the campaign will be sent from": "キャンペーンの送信元名",
  "The email address that will be used for replies": "返信に使用されるメールアドレス",
  "The title of the campaign": "キャンペーンのタイトル",
  "The subject of the campaign email": "キャンペーンメールの件名",
  "The plain text version of the campaign email": "キャンペーンメールのプレーンテキスト版。",
  "The HTML version of the campaign email": "HTMLバージョンのキャンペーンメール",
  "Select lists to send the campaign to": "キャンペーンを送信するリストを選択してください",
  "Select lists to exclude from the campaign send": "キャンペーン送信から除外するリストを選択してください",
  "Comma separated list of segment IDs to send the campaign to": "キャンペーンを送信するセグメントIDのカンマ区切りリスト",
  "Comma separated list of segment IDs to exclude from the campaign send": "キャンペーン送信から除外するセグメントIDのカンマ区切りリスト",
  "The query string to append to the campaign URL": "キャンペーンURLに追加するクエリ文字列",
  "Enable open tracking": "オープントラッキングを有効にする",
  "Enable click tracking": "クリック追跡を有効にする",
  "Automatically send the campaign after creation": "作成後にキャンペーンを自動的に送信する",
  "Schedule the campaign to be sent at a specific date and time. Date/time format: 2023-06-09T12:00:00Z": "特定の日時に送信するキャンペーンをスケジュールします。日付/時刻フォーマット：2023-06-09T12:00Z",
  "The timezone to use for the schedule": "スケジュールに使用するタイムゾーン",
  "Select the list to delete from": "削除するリストを選択します。",
  "The user's email": "ユーザーのメールアドレス",
  "Include hidden lists in the results": "非表示リストを結果に含める",
  "Select the list to subscribe to": "購読するリストを選択してください",
  "The user's name": "ユーザー名",
  "The user's 2 letter country code": "ユーザーの2文字の国コード",
  "The user's IP address": "ユーザーのIPアドレス",
  "The URL where the user signed up from": "ユーザーがサインアップしたURL",
  "If you're signing up EU users in a GDPR compliant manner, set to true": "GDPRに準拠した方法でEUユーザーを登録する場合は、trueに設定してください",
  "set to true if your list is 'Double opt-in' but you want to bypass that and signup the user to the list as 'Single Opt-in instead' ": "「ダブルオプトイン」のリストが「ダブルオプトイン」の場合はtrueに設定し、ユーザーを「シングルオプトイン」としてリストに登録します。 ",
  "Select the lists to subscribe to": "購読するリストを選択",
  "Select the list to unsubscribe from": "購読解除するリストを選択してください",
  "Disable": "無効",
  "Enable": "有効にする",
  "Anonymous": "匿名です",
  "Africa/Abidjan": "Africa/Abidjan",
  "Africa/Accra": "アフリカ/アクラ",
  "Africa/Addis_Ababa": "アフリカ/アディスアベバ",
  "Africa/Algiers": "Africa/Algiers",
  "Africa/Asmara": "Africa/Asmara",
  "Africa/Bamako": "アフリカ/バマコ",
  "Africa/Bangui": "アフリカ/バンギ",
  "Africa/Banjul": "Africa/Banjul",
  "Africa/Bissau": "Africa/Bissau",
  "Africa/Blantyre": "Africa/Blantyre",
  "Africa/Brazzaville": "アフリカ/ブラザビル",
  "Africa/Bujumbura": "Africa/Bujumbura",
  "Africa/Cairo": "Africa/Cairo",
  "Africa/Casablanca": "アフリカ/カサブランカ",
  "Africa/Ceuta": "アフリカ/セウタ",
  "Africa/Conakry": "Africa/Conakry",
  "Africa/Dakar": "Africa/Dakar",
  "Africa/Dar_es_Salaam": "Africa/Dar_es_Salaam",
  "Africa/Djibouti": "Africa/Djibouti",
  "Africa/Douala": "Africa/Douala",
  "Africa/El_Aaiun": "Africa/El_Aaiun",
  "Africa/Freetown": "アフリカ/フリータウン",
  "Africa/Gaborone": "Africa/Gaborone",
  "Africa/Harare": "アフリカ/ハラレ",
  "Africa/Johannesburg": "Africa/Johannesburg",
  "Africa/Juba": "Africa/Juba",
  "Africa/Kampala": "アフリカ/カンパラ州",
  "Africa/Khartoum": "Africa/Khartoum",
  "Africa/Kigali": "Africa/Kigali",
  "Africa/Kinshasa": "Africa/Kinshasa",
  "Africa/Lagos": "Africa/Lagos",
  "Africa/Libreville": "アフリカ/リブレビル",
  "Africa/Lome": "アフリカ/ロメ",
  "Africa/Luanda": "アフリカ/ルアンダ",
  "Africa/Lubumbashi": "アフリカ/ルブンバシ",
  "Africa/Lusaka": "Africa/Lusaka",
  "Africa/Malabo": "Africa/Malabo",
  "Africa/Maputo": "アフリカ/マプト島",
  "Africa/Maseru": "Africa/Maseru",
  "Africa/Mbabane": "Africa/Mbabane",
  "Africa/Mogadishu": "Africa/Mogadishu",
  "Africa/Monrovia": "アフリカ/モンロビア",
  "Africa/Nairobi": "アフリカ/ナイロビ",
  "Africa/Ndjamena": "Africa/Ndjamena",
  "Africa/Niamey": "Africa/Niamey",
  "Africa/Nouakchott": "Africa/Nouakchott",
  "Africa/Ouagadougou": "Africa/Ouagadougou",
  "Africa/Porto-Novo": "アフリカ/ポルトノボ",
  "Africa/Sao_Tome": "アフリカ/Sao_Tome",
  "Africa/Tripoli": "Africa/Tripoli",
  "Africa/Tunis": "アフリカ/チュニス",
  "Africa/Windhoek": "アフリカ/ウィントフック",
  "America/Adak": "America/Adak",
  "America/Anchorage": "アメリカ/アンカレッジ",
  "America/Anguilla": "America/Anguilla",
  "America/Antigua": "America/Antigua",
  "America/Araguaina": "America/Araguaina",
  "America/Argentina/Buenos_Aires": "America/Argentina/Buenos_Aires",
  "America/Argentina/Catamarca": "アメリカ/アルゼンチン/カタマルカ",
  "America/Argentina/Cordoba": "America/Argentina/Cordoba",
  "America/Argentina/Jujuy": "America/Argentina/Jujuy",
  "America/Argentina/La_Rioja": "America/Argentina/La_Rioja",
  "America/Argentina/Mendoza": "America/Argentina/Mendoza",
  "America/Argentina/Rio_Gallegos": "America/Argentina/Rio_Gallegos",
  "America/Argentina/Salta": "アメリカ/アルゼンチン/サルタ",
  "America/Argentina/San_Juan": "アメリカ/アルゼンチン/サンフアン",
  "America/Argentina/San_Luis": "アメリカ/アルゼンチン/サンルイス島",
  "America/Argentina/Tucuman": "America/Argentina/Tucuman",
  "America/Argentina/Ushuaia": "America/Argentina/Ushuaia",
  "America/Aruba": "America/Aruba",
  "America/Asuncion": "アメリカ/アスンソン",
  "America/Atikokan": "America/Atikokan",
  "America/Bahia": "America/Bahia",
  "America/Bahia_Banderas": "America/Bahia_Banderas",
  "America/Barbados": "アメリカ/バルバドス",
  "America/Belem": "America/Belem",
  "America/Belize": "アメリカ/ベリーズ",
  "America/Blanc-Sablon": "America/Blanc-Sablon",
  "America/Boa_Vista": "アメリカ/Boa_Vista",
  "America/Bogota": "America/Bogota",
  "America/Boise": "America/Boise",
  "America/Cambridge_Bay": "アメリカ/ケンブリッジベイ",
  "America/Campo_Grande": "アメリカ/Campo_Grande",
  "America/Cancun": "アメリカ/カンクン",
  "America/Caracas": "アメリカ/カラカス",
  "America/Cayenne": "America/Cayenne",
  "America/Cayman": "America/Cayman",
  "America/Chicago": "アメリカ/シカゴ",
  "America/Chihuahua": "America/Chihuahua",
  "America/Ciudad_Juarez": "America/Ciudad_Juarez",
  "America/Costa_Rica": "アメリカ/コスタ_リカ",
  "America/Creston": "アメリカ/クレストン",
  "America/Cuiaba": "America/Cuiaba",
  "America/Curacao": "America/Curacao",
  "America/Danmarkshavn": "America/Danmarkshavn",
  "America/Dawson": "アメリカ/ドーソン",
  "America/Dawson_Creek": "アメリカ/Dawson_Creek",
  "America/Denver": "アメリカ/デンバー",
  "America/Detroit": "アメリカ/デトロイト",
  "America/Dominica": "アメリカ/ドミニカ",
  "America/Edmonton": "America/Edmonton",
  "America/Eirunepe": "America/Eirunepe",
  "America/El_Salvador": "America/El_Salvador",
  "America/Fort_Nelson": "アメリカ/Fort_Nelson",
  "America/Fortaleza": "America/Fortaleza",
  "America/Glace_Bay": "アメリカ/グレースベイ",
  "America/Goose_Bay": "America/Goose_Bay",
  "America/Grand_Turk": "アメリカ/Grand_Turk",
  "America/Grenada": "アメリカ/グレナダ",
  "America/Guadeloupe": "America/Guadeloupe",
  "America/Guatemala": "America/Guatemala",
  "America/Guayaquil": "America/Guayaquil",
  "America/Guyana": "America/Guyana",
  "America/Halifax": "アメリカ/ハリファックス",
  "America/Havana": "America/Havana",
  "America/Hermosillo": "アメリカ/エルモシッロ",
  "America/Indiana/Indianapolis": "America/Indiana/Indianapolis",
  "America/Indiana/Knox": "アメリカ/インディアナ州/ノックス",
  "America/Indiana/Marengo": "アメリカ/インディアナ州/マレンゴ",
  "America/Indiana/Petersburg": "アメリカ/インディアナ州/ピーターズバーグ",
  "America/Indiana/Tell_City": "アメリカ/インディアナ州/テルシティ",
  "America/Indiana/Vevay": "America/Indiana/Vevay",
  "America/Indiana/Vincennes": "アメリカ/インディアナ州/ヴィンチェンヌ",
  "America/Indiana/Winamac": "America/Indiana/Winamac",
  "America/Inuvik": "America/Inuvik",
  "America/Iqaluit": "America/Iqaluit",
  "America/Jamaica": "America/Jamaica",
  "America/Juneau": "アメリカ/ジュノー島",
  "America/Kentucky/Louisville": "アメリカ/ケンタッキー州/ルイビル",
  "America/Kentucky/Monticello": "アメリカ/ケンタッキー州/モンティセロ",
  "America/Kralendijk": "America/Kralendijk",
  "America/La_Paz": "アメリカ/ラパス",
  "America/Lima": "アメリカ/リマ",
  "America/Los_Angeles": "アメリカ/ロス_Angeles",
  "America/Lower_Princes": "アメリカ/Lower_Princes",
  "America/Maceio": "アメリカ/マセイオ",
  "America/Managua": "America/Managua",
  "America/Manaus": "America/Manaus",
  "America/Marigot": "America/Marigot",
  "America/Martinique": "アメリカ/マルティニーク",
  "America/Matamoros": "America/Matamoros",
  "America/Mazatlan": "America/Mazatlan",
  "America/Menominee": "アメリカ/メノミーヌ",
  "America/Merida": "アメリカ/メリダ",
  "America/Metlakatla": "America/Metlakatla",
  "America/Mexico_City": "アメリカ/メキシコ_シティ",
  "America/Miquelon": "America/Miquelon",
  "America/Moncton": "America/Moncton",
  "America/Monterrey": "America/Monterrey",
  "America/Montevideo": "アメリカ/モンテビデオ",
  "America/Montserrat": "America/Montserrat",
  "America/Nassau": "America/Nassau",
  "America/New_York": "アメリカ/ニューヨーク",
  "America/Nome": "America/Nome",
  "America/Noronha": "America/Noronha",
  "America/North_Dakota/Beulah": "アメリカ/ノースダコタ/ベウラ",
  "America/North_Dakota/Center": "アメリカ/ノースダコタ/センター",
  "America/North_Dakota/New_Salem": "アメリカ/ノースダコタ/ニュー_セーラム",
  "America/Nuuk": "America/Nuuk",
  "America/Ojinaga": "America/Ojinaga",
  "America/Panama": "America/Panama",
  "America/Paramaribo": "America/Paramaribo",
  "America/Phoenix": "アメリカ/フェニックス",
  "America/Port-au-Prince": "アメリカ/ポルトープランス",
  "America/Port_of_Spain": "アメリカ/Port_of_Span",
  "America/Porto_Velho": "America/Porto_Velho",
  "America/Puerto_Rico": "America/Puerto_Rico",
  "America/Punta_Arenas": "America/Punta_Arenas",
  "America/Rankin_Inlet": "America/Rankin_Inlet",
  "America/Recife": "America/Recife",
  "America/Regina": "アメリカ/レギナ",
  "America/Resolute": "America/Resolute",
  "America/Rio_Branco": "America/Rio_Branco",
  "America/Santarem": "America/Santarem",
  "America/Santiago": "America/Santiago",
  "America/Santo_Domingo": "アメリカ/サントドミンゴ",
  "America/Sao_Paulo": "America/Sao_Paulo",
  "America/Scoresbysund": "America/Scoresbysund",
  "America/Sitka": "America/Sitka",
  "America/St_Barthelemy": "America/St_Barthelemy",
  "America/St_Johns": "アメリカ/St_Johns",
  "America/St_Kitts": "アメリカ/St_Kitts",
  "America/St_Lucia": "America/St_Lucia",
  "America/St_Thomas": "アメリカ/St_Thomas",
  "America/St_Vincent": "America/St_Vincent",
  "America/Swift_Current": "アメリカ/Swift_Current",
  "America/Tegucigalpa": "America/Tegucigalpa",
  "America/Thule": "America/Thule",
  "America/Tijuana": "America/Tijuana",
  "America/Toronto": "アメリカ/トロント",
  "America/Tortola": "アメリカ/トルトラ",
  "America/Vancouver": "America/Vancouver",
  "America/Whitehorse": "アメリカ/ホワイトホース",
  "America/Winnipeg": "アメリカ/ウィニペグ",
  "America/Yakutat": "America/Yakutat",
  "Antarctica/Casey": "南極/ケーシー",
  "Antarctica/Davis": "Antarctica/Davis",
  "Antarctica/DumontDUrville": "Antarctica/DumontDUrville",
  "Antarctica/Macquarie": "南極/マッコーリー",
  "Antarctica/Mawson": "Antarctica/Mawson",
  "Antarctica/McMurdo": "Antarctica/McMurdo",
  "Antarctica/Palmer": "Antarctica/Palmer",
  "Antarctica/Rothera": "Antarctica/Rothera",
  "Antarctica/Syowa": "Antarctica/Syowa",
  "Antarctica/Troll": "Antarctica/Troll",
  "Antarctica/Vostok": "Antarctica/Vostok",
  "Arctic/Longyearbyen": "Arcic/Longyearbyen",
  "Asia/Aden": "Asia/Aden",
  "Asia/Almaty": "Asia/Almaty",
  "Asia/Amman": "Asia/Amman",
  "Asia/Anadyr": "Asia/Anadyr",
  "Asia/Aqtau": "Asia/Aqtau",
  "Asia/Aqtobe": "Asia/Aqtobe",
  "Asia/Ashgabat": "Asia/Ashgabat",
  "Asia/Atyrau": "Asia/Atyrau",
  "Asia/Baghdad": "Asia/Baghdad",
  "Asia/Bahrain": "Asia/Bahrain",
  "Asia/Baku": "アジア/バクー",
  "Asia/Bangkok": "Asia/Bangkok",
  "Asia/Barnaul": "Asia/Barnaul",
  "Asia/Beirut": "Asia/Beirut",
  "Asia/Bishkek": "Asia/Bishkek",
  "Asia/Brunei": "Asia/Brunei",
  "Asia/Chita": "Asia/Chita",
  "Asia/Choibalsan": "Asia/Choibalsan",
  "Asia/Colombo": "アジア/コロンボ",
  "Asia/Damascus": "Asia/Damascus",
  "Asia/Dhaka": "Asia/Dhaka",
  "Asia/Dili": "Asia/Dili",
  "Asia/Dubai": "Asia/Dubai",
  "Asia/Dushanbe": "Asia/Dushanbe",
  "Asia/Famagusta": "Asia/Famagusta",
  "Asia/Gaza": "Asia/Gaza",
  "Asia/Hebron": "Asia/Hebron",
  "Asia/Ho_Chi_Minh": "Asia/Ho_Chi_Minh",
  "Asia/Hong_Kong": "Asia/Hong_Kong",
  "Asia/Hovd": "アジア/Hovd",
  "Asia/Irkutsk": "Asia/Irkutsk",
  "Asia/Jakarta": "Asia/Jakarta",
  "Asia/Jayapura": "Asia/Jayapura",
  "Asia/Jerusalem": "アジア/エルサレム",
  "Asia/Kabul": "アジア/カブール共和国",
  "Asia/Kamchatka": "アジア/カムチャツカ",
  "Asia/Karachi": "アジア/カラチ",
  "Asia/Kathmandu": "Asia/Kathmandu",
  "Asia/Khandyga": "Asia/Khandyga",
  "Asia/Kolkata": "Asia/Kolkata",
  "Asia/Krasnoyarsk": "Asia/Krasnoyarsk",
  "Asia/Kuala_Lumpur": "Asia/Kuala_Lumpur",
  "Asia/Kuching": "Asia/Kuching",
  "Asia/Kuwait": "Asia/Kuwait",
  "Asia/Macau": "Asia/Macau",
  "Asia/Magadan": "Asia/Magadan",
  "Asia/Makassar": "Asia/Makassar",
  "Asia/Manila": "アジア/マニラ",
  "Asia/Muscat": "アジア/マスカット",
  "Asia/Nicosia": "Asia/Nicosia",
  "Asia/Novokuznetsk": "Asia/Novokuznetsk",
  "Asia/Novosibirsk": "Asia/Novosibirsk",
  "Asia/Omsk": "Asia/Omsk",
  "Asia/Oral": "アジア/オラル",
  "Asia/Phnom_Penh": "Asia/Phnom_Penh",
  "Asia/Pontianak": "Asia/Pontianak",
  "Asia/Pyongyang": "Asia/Pyongyang",
  "Asia/Qatar": "Asia/Qatar",
  "Asia/Qostanay": "Asia/Qostanay",
  "Asia/Qyzylorda": "Asia/Qyzylorda",
  "Asia/Riyadh": "Asia/Riyadh",
  "Asia/Sakhalin": "Asia/Sakhalin",
  "Asia/Samarkand": "Asia/Samarkand",
  "Asia/Seoul": "アジア/ソウル",
  "Asia/Shanghai": "Asia/Shanghai",
  "Asia/Singapore": "アジア/シンガポール",
  "Asia/Srednekolymsk": "Asia/Srednekolymsk",
  "Asia/Taipei": "Asia/Taipei",
  "Asia/Tashkent": "Asia/Tashkent",
  "Asia/Tbilisi": "Asia/Tbilisi",
  "Asia/Tehran": "アジア/テヘラン共和国",
  "Asia/Thimphu": "Asia/Thimphu",
  "Asia/Tokyo": "Asia/Tokyo",
  "Asia/Tomsk": "アジア/トムスク",
  "Asia/Ulaanbaatar": "Asia/Ulaanbaatar",
  "Asia/Urumqi": "Asia/Urumqi",
  "Asia/Ust-Nera": "Asia/Ust-Nera",
  "Asia/Vientiane": "Asia/Vientiane",
  "Asia/Vladivostok": "Asia/Vladivostok",
  "Asia/Yakutsk": "Asia/Yakutsk",
  "Asia/Yangon": "Asia/Yangon",
  "Asia/Yekaterinburg": "Asia/Yekaterinburg",
  "Asia/Yerevan": "Asia/Yerevan",
  "Atlantic/Azores": "Atlantic/Azores",
  "Atlantic/Bermuda": "大西洋/バミューダ",
  "Atlantic/Canary": "大西洋/カナリア",
  "Atlantic/Cape_Verde": "大西洋/ケープ・ヴェルデ",
  "Atlantic/Faroe": "大西洋/フェロー語",
  "Atlantic/Madeira": "大西洋/マデイラ諸島",
  "Atlantic/Reykjavik": "Atlantic/Reykjavik",
  "Atlantic/South_Georgia": "大西洋/南ジョージア州",
  "Atlantic/St_Helena": "大西洋/セントヘレナ島",
  "Atlantic/Stanley": "大西洋/スタンリー",
  "Australia/Adelaide": "Australia/Adelaide",
  "Australia/Brisbane": "オーストラリア/ブリスベン",
  "Australia/Broken_Hill": "オーストラリア/Broken_Hill",
  "Australia/Darwin": "オーストラリア/Darwin",
  "Australia/Eucla": "Australia/Eucla",
  "Australia/Hobart": "Australia/Hobart",
  "Australia/Lindeman": "Australia/Lindeman",
  "Australia/Lord_Howe": "Australia/Lord_Howe",
  "Australia/Melbourne": "オーストラリア/メルボルン",
  "Australia/Perth": "オーストラリア/パース",
  "Australia/Sydney": "オーストラリア/シドニー",
  "Europe/Amsterdam": "ヨーロッパ/アムステルダム",
  "Europe/Andorra": "ヨーロッパ/アンドラ",
  "Europe/Astrakhan": "Europe/Astrakhan",
  "Europe/Athens": "ヨーロッパ/アテネ",
  "Europe/Belgrade": "ヨーロッパ/ベオグラード",
  "Europe/Berlin": "ヨーロッパ/ベルリン",
  "Europe/Bratislava": "Europe/Bratislava",
  "Europe/Brussels": "ヨーロッパ/ブリュッセル",
  "Europe/Bucharest": "ヨーロッパ/ブカレスト",
  "Europe/Budapest": "Europe/Budapest",
  "Europe/Busingen": "ヨーロッパ/ブッシングゲン",
  "Europe/Chisinau": "Europe/Chisinau",
  "Europe/Copenhagen": "ヨーロッパ/コペンハーゲン共和国",
  "Europe/Dublin": "ヨーロッパ/ダブリン",
  "Europe/Gibraltar": "ヨーロッパ/ジブラルタル",
  "Europe/Guernsey": "ヨーロッパ/ガーンジー",
  "Europe/Helsinki": "Europe/Helsinki",
  "Europe/Isle_of_Man": "ヨーロッパ/Isle_of_Man",
  "Europe/Istanbul": "Europe/Istanbul",
  "Europe/Jersey": "ヨーロッパ/ジャージー",
  "Europe/Kaliningrad": "ヨーロッパ/カリーニングラード",
  "Europe/Kirov": "Europe/Kirov",
  "Europe/Kyiv": "ヨーロッパ/キエフ",
  "Europe/Lisbon": "ヨーロッパ/リスボン",
  "Europe/Ljubljana": "Europe/Ljubljana",
  "Europe/London": "ヨーロッパ/ロンドン",
  "Europe/Luxembourg": "ヨーロッパ/ルクセンブルク",
  "Europe/Madrid": "ヨーロッパ/マドリード",
  "Europe/Malta": "Europe/Malta",
  "Europe/Mariehamn": "ヨーロッパ/マリエハム語",
  "Europe/Minsk": "ヨーロッパ/ミンスク",
  "Europe/Monaco": "ヨーロッパ/モナコ語",
  "Europe/Moscow": "ヨーロッパ/モスクワ",
  "Europe/Oslo": "ヨーロッパ/オスロ",
  "Europe/Paris": "ヨーロッパ/パリ",
  "Europe/Podgorica": "ヨーロッパ/ポドゴリカ",
  "Europe/Prague": "ヨーロッパ/プラハ",
  "Europe/Riga": "ヨーロッパ/リガ",
  "Europe/Rome": "ヨーロッパ/ローマ",
  "Europe/Samara": "ヨーロッパ/サマラ語",
  "Europe/San_Marino": "ヨーロッパ/サンマリノ",
  "Europe/Sarajevo": "Europe/Sarajevo",
  "Europe/Saratov": "ヨーロッパ/サラトフ",
  "Europe/Simferopol": "Europe/Simferopol",
  "Europe/Skopje": "ヨーロッパ/スコピエ",
  "Europe/Sofia": "ヨーロッパ/ソフィア",
  "Europe/Stockholm": "ヨーロッパ/ストックホルム共和国",
  "Europe/Tallinn": "ヨーロッパ/タリン",
  "Europe/Tirane": "ヨーロッパ/ティラナ",
  "Europe/Ulyanovsk": "Europe/Ulyanovsk",
  "Europe/Vaduz": "ヨーロッパ/ヴァドゥズ",
  "Europe/Vatican": "ヨーロッパ/バチカン",
  "Europe/Vienna": "ヨーロッパ/ウィーン",
  "Europe/Vilnius": "Europe/Vilnius",
  "Europe/Volgograd": "Europe/Volgograd",
  "Europe/Warsaw": "ヨーロッパ/ワルシャワ",
  "Europe/Zagreb": "Europe/Zagreb",
  "Europe/Zurich": "ヨーロッパ/チューリッヒ",
  "Indian/Antananarivo": "Indian/Antananarivo",
  "Indian/Chagos": "インド/チャゴス",
  "Indian/Christmas": "インド/クリスマス",
  "Indian/Cocos": "インド/ココス",
  "Indian/Comoro": "インド/コモロ",
  "Indian/Kerguelen": "インド/ケルゲレン",
  "Indian/Mahe": "インド/マヒ語",
  "Indian/Maldives": "インド/モルディブ共和国",
  "Indian/Mauritius": "Indian/Mauritius",
  "Indian/Mayotte": "インド/マヨット",
  "Indian/Reunion": "インド/レユニオンformat@@0",
  "Pacific/Apia": "太平洋/アピア",
  "Pacific/Auckland": "太平洋/オークランド",
  "Pacific/Bougainville": "太平洋/ブーゲンビル",
  "Pacific/Chatham": "太平洋/チャタム",
  "Pacific/Chuuk": "太平洋/チューク",
  "Pacific/Easter": "太平洋/イースター島",
  "Pacific/Efate": "Pacific/Efate",
  "Pacific/Fakaofo": "Pacific/Fakaofo",
  "Pacific/Fiji": "太平洋/フィジー島",
  "Pacific/Funafuti": "太平洋/フナフティ",
  "Pacific/Galapagos": "太平洋/ガラパゴス",
  "Pacific/Gambier": "太平洋/ガンビア",
  "Pacific/Guadalcanal": "太平洋/ガダルカナル島",
  "Pacific/Guam": "太平洋/グアム",
  "Pacific/Honolulu": "太平洋/ホノルル",
  "Pacific/Kanton": "太平洋/カントン島",
  "Pacific/Kiritimati": "太平洋/キリティマティ",
  "Pacific/Kosrae": "太平洋/コスラエ",
  "Pacific/Kwajalein": "太平洋/クワジャレ イン",
  "Pacific/Majuro": "太平洋/マジュロ",
  "Pacific/Marquesas": "Pacific/Marquesas",
  "Pacific/Midway": "Pacific/Midway",
  "Pacific/Nauru": "太平洋/ナウル",
  "Pacific/Niue": "太平洋/ニウエ島",
  "Pacific/Norfolk": "太平洋/ノーフォーク",
  "Pacific/Noumea": "太平洋/ヌメア",
  "Pacific/Pago_Pago": "太平洋/パゴ_Pago",
  "Pacific/Palau": "太平洋/パラオ",
  "Pacific/Pitcairn": "太平洋/ピトケアン",
  "Pacific/Pohnpei": "太平洋/ポン平",
  "Pacific/Port_Moresby": "太平洋/ポートモレスビー",
  "Pacific/Rarotonga": "Pacific/Rarotonga",
  "Pacific/Saipan": "太平洋/サイパン",
  "Pacific/Tahiti": "太平洋/タヒチ",
  "Pacific/Tarawa": "太平洋/タラワ",
  "Pacific/Tongatapu": "太平洋/トンガタプ州",
  "Pacific/Wake": "太平洋/ウェーク",
  "Pacific/Wallis": "太平洋/ウォリス"
}