{
  "Self-hosted email marketing software": "Self-gehoste e-mailmarketing software",
  "Sendy Domain": "Sendy domein",
  "API Key": "API Sleutel",
  "Brand ID": "Merk ID",
  "The domain of your Sendy account": "Het domein van uw Sendy account",
  "The API key for your Sendy account": "De API-sleutel voor je verzendingsaccount",
  "The brand ID that will be associated to this connection. Brand IDs can be found on the main Brands page.": "Het merk-ID dat gekoppeld zal zijn aan deze verbinding. Merk ID's kunnen worden gevonden op de hoofdmerkenpagina.",
  "\nYour sendy domain should be the base URL of your Sendy installation. Example: https://sendy.example.com\n\nFollow these instructions to get your Sendy API Key:\n\n1. Visit the Settings page of your Sendy domain: _https://sendy-domain.com_/settings\n2. Once on the website, locate and click on the API Key and copy it.\n\nGet your Brand ID from the main Brands page. The ID is the first column in the table.\n": "\nUw sendy domein moet de basis-URL zijn van uw Sendy installatie. Voorbeeld: https://sendy.example. om\n\nVolg deze instructies om uw Sendy API Key te verkrijgen:\n\n1. Bezoek de pagina Instellingen van uw Sendy domein: _https://sendy-domain. om_/instellingen\n2. Eenmaal op de website, zoek en klik op de API Key en kopieer het.\n\nHaal je merk-ID op van de hoofdmerkenpagina. De ID is de eerste kolom in de tabel.\n",
  "Count Active Subscribers": "Actieve abonnees tellen",
  "Create Campaign": "Nieuwe campagne",
  "Delete Subscriber": "Abonnee verwijderen",
  "Get Brands": "Verkrijg Merken",
  "Get Lists for a Brand": "Krijg lijsten voor een merk",
  "Get Subscription Status": "Abonnementstatus ophalen",
  "Subscribe Updated": "Abonnement Bijgewerkt",
  "Subscribe Multiple Lists": "Abonneer meerdere lijsten",
  "Unsubscribe": "Afmelden",
  "Unsubscribe Multiple Lists": "Meerdere lijsten uitschrijven",
  "Get the active subscriber count for a list": "Krijg het actieve aantal ontvangers voor een lijst",
  "Create a new campaign": "Maak een nieuwe campagne",
  "Delete a subscriber from a list": "Een abonnee uit een lijst verwijderen",
  "Get a list of brands from Sendy": "Krijg een lijst met merken van Sendy",
  "Get the Lists for a Brand": "Verkrijg de lijsten voor een merk",
  "Get the subscription status of a user": "De abonnementsstatus van een gebruiker ophalen",
  "Add a new subscriber to a list": "Voeg een nieuwe abonnee toe aan een lijst",
  "Add a new subscriber to a multiple lists": "Voeg een nieuwe abonnee toe aan meerdere lijsten",
  "Unsubscribe a subscriber from a list": "Een abonnee uitschrijven in een lijst",
  "Unsubscribe a subscriber from multiple lists": "Een abonnee uitschrijven van meerdere lijsten",
  "List": "Klantenlijst",
  "From Email": "Van e-mail",
  "From Name": "Afzender naam",
  "Reply To": "Antwoord aan",
  "Title": "Aanspreektitel",
  "Subject": "Onderwerp",
  "Plain Text": "Onopgemaakte tekst",
  "HTML": "HTML",
  "Lists": "Lijsten",
  "Exclude Lists": "Uitsluiten van lijsten",
  "Segment IDs": "Segment ID's",
  "Exclude Segment IDs": "Segment ID's uitsluiten",
  "Query String": "Query String",
  "Track Opens": "Openingen volgen",
  "Track Clicks": "Volg kliks",
  "Automatically Send": "Automatisch verzenden",
  "Schedule the Campaign": "Plan de campagne",
  "Timezone": "Timezone",
  "Email": "E-mail",
  "Include Hidden Lists": "Inclusief verborgen lijsten",
  "Name": "Naam",
  "Country": "Land:",
  "IP Address": "IP adres",
  "Referrer": "Verwijzer",
  "GDPR compliant": "GDPR conform",
  "Silent": "Stil",
  "Select the list to get the status from": "Selecteer de lijst om de status van te krijgen",
  "The email address the campaign will be sent from": "Het e-mailadres waar de campagne vanuit zal worden verzonden",
  "The name the campaign will be sent from": "De naam van de campagne zal worden verzonden uit",
  "The email address that will be used for replies": "Het e-mailadres dat zal worden gebruikt voor antwoorden",
  "The title of the campaign": "De titel van de campagne",
  "The subject of the campaign email": "Het onderwerp van de campagne e-mail",
  "The plain text version of the campaign email": "De platte tekst versie van de campagne e-mail",
  "The HTML version of the campaign email": "De HTML-versie van de campagne e-mail",
  "Select lists to send the campaign to": "Selecteer lijsten om de campagne naar te sturen",
  "Select lists to exclude from the campaign send": "Selecteer lijsten om uit te sluiten van de campagne verzending",
  "Comma separated list of segment IDs to send the campaign to": "Kommagescheiden lijst van segment IDs waar de campagne naartoe moet worden gestuurd",
  "Comma separated list of segment IDs to exclude from the campaign send": "Door komma's gescheiden lijst van te sluiten segment ID's van de campagne verzenden",
  "The query string to append to the campaign URL": "De query string om toe te voegen aan de campagne URL",
  "Enable open tracking": "Open tracking inschakelen",
  "Enable click tracking": "Klikbijhouden inschakelen",
  "Automatically send the campaign after creation": "Stuur de campagne automatisch na creatie",
  "Schedule the campaign to be sent at a specific date and time. Date/time format: 2023-06-09T12:00:00Z": "Plan de campagne te verzenden op een bepaalde datum en tijd. Datum/tijd formaat: 2023-06-09T12:00:00Z",
  "The timezone to use for the schedule": "De tijdzone die gebruikt moet worden voor de planning",
  "Select the list to delete from": "Selecteer de lijst waaruit u wilt verwijderen",
  "The user's email": "E-mail van de gebruiker",
  "Include hidden lists in the results": "Verborgen lijsten in de zoekresultaten opnemen",
  "Select the list to subscribe to": "Selecteer de lijst waarop u zich wilt abonneren",
  "The user's name": "Naam gebruiker",
  "The user's 2 letter country code": "Landcode van de gebruiker van 2 letters",
  "The user's IP address": "IP adres van de gebruiker",
  "The URL where the user signed up from": "De URL waar de gebruiker zich aangemeld heeft",
  "If you're signing up EU users in a GDPR compliant manner, set to true": "Als je EU-gebruikers op een AVG conforme manier registreert, stel dan op waar",
  "set to true if your list is 'Double opt-in' but you want to bypass that and signup the user to the list as 'Single Opt-in instead' ": "stel in op waar als uw lijst 'Double opt-in' is, maar u wilt dit omzeilen en de gebruiker aanmelden als 'Enkele Opt-in plaats' ",
  "Select the lists to subscribe to": "Selecteer de lijsten waarop u zich wilt abonneren",
  "Select the list to unsubscribe from": "Selecteer de lijst waarop u zich wilt afmelden",
  "Disable": "Uitschakelen",
  "Enable": "Inschakelen",
  "Anonymous": "Anoniem",
  "Africa/Abidjan": "Africa/Abidjan",
  "Africa/Accra": "Afrika/Accra",
  "Africa/Addis_Ababa": "Afrika/Addis_Ababa",
  "Africa/Algiers": "Africa/Algiers",
  "Africa/Asmara": "Africa/Asmara",
  "Africa/Bamako": "Afrika/Bamako",
  "Africa/Bangui": "Afrika/Bangui",
  "Africa/Banjul": "Africa/Banjul",
  "Africa/Bissau": "Africa/Bissau",
  "Africa/Blantyre": "Africa/Blantyre",
  "Africa/Brazzaville": "Afrika/Brazzaville",
  "Africa/Bujumbura": "Africa/Bujumbura",
  "Africa/Cairo": "Africa/Cairo",
  "Africa/Casablanca": "Afrika/Casablanca",
  "Africa/Ceuta": "Afrika/Ceuta",
  "Africa/Conakry": "Africa/Conakry",
  "Africa/Dakar": "Africa/Dakar",
  "Africa/Dar_es_Salaam": "Africa/Dar_es_Salaam",
  "Africa/Djibouti": "Africa/Djibouti",
  "Africa/Douala": "Africa/Douala",
  "Africa/El_Aaiun": "Africa/El_Aaiun",
  "Africa/Freetown": "Afrika/Freetown",
  "Africa/Gaborone": "Africa/Gaborone",
  "Africa/Harare": "Afrika/Harare",
  "Africa/Johannesburg": "Africa/Johannesburg",
  "Africa/Juba": "Africa/Juba",
  "Africa/Kampala": "Afrika/Kampala",
  "Africa/Khartoum": "Africa/Khartoum",
  "Africa/Kigali": "Africa/Kigali",
  "Africa/Kinshasa": "Africa/Kinshasa",
  "Africa/Lagos": "Africa/Lagos",
  "Africa/Libreville": "Afrika/Libreville",
  "Africa/Lome": "Afrika/Lome",
  "Africa/Luanda": "Afrika/Luanda",
  "Africa/Lubumbashi": "Afrika/Lubumbashi",
  "Africa/Lusaka": "Africa/Lusaka",
  "Africa/Malabo": "Africa/Malabo",
  "Africa/Maputo": "Afrika/Maputo",
  "Africa/Maseru": "Africa/Maseru",
  "Africa/Mbabane": "Africa/Mbabane",
  "Africa/Mogadishu": "Africa/Mogadishu",
  "Africa/Monrovia": "Afrika/Monrovia",
  "Africa/Nairobi": "Afrika/Nairobi",
  "Africa/Ndjamena": "Africa/Ndjamena",
  "Africa/Niamey": "Africa/Niamey",
  "Africa/Nouakchott": "Africa/Nouakchott",
  "Africa/Ouagadougou": "Africa/Ouagadougou",
  "Africa/Porto-Novo": "Afrika/Porto-Novo",
  "Africa/Sao_Tome": "Afrika/Sao_Tome",
  "Africa/Tripoli": "Africa/Tripoli",
  "Africa/Tunis": "Afrika/Tunis",
  "Africa/Windhoek": "Afrika/Windhoek",
  "America/Adak": "America/Adak",
  "America/Anchorage": "Amerika/Anchorage",
  "America/Anguilla": "America/Anguilla",
  "America/Antigua": "America/Antigua",
  "America/Araguaina": "America/Araguaina",
  "America/Argentina/Buenos_Aires": "America/Argentina/Buenos_Aires",
  "America/Argentina/Catamarca": "Amerika/Argentinië/Catamarca",
  "America/Argentina/Cordoba": "America/Argentina/Cordoba",
  "America/Argentina/Jujuy": "America/Argentina/Jujuy",
  "America/Argentina/La_Rioja": "America/Argentina/La_Rioja",
  "America/Argentina/Mendoza": "America/Argentina/Mendoza",
  "America/Argentina/Rio_Gallegos": "America/Argentina/Rio_Gallegos",
  "America/Argentina/Salta": "Amerika/Argentinië/Salta",
  "America/Argentina/San_Juan": "Amerika/Argentinië/San_Juan",
  "America/Argentina/San_Luis": "Amerika/Argentinië/San_Luis",
  "America/Argentina/Tucuman": "America/Argentina/Tucuman",
  "America/Argentina/Ushuaia": "America/Argentina/Ushuaia",
  "America/Aruba": "America/Aruba",
  "America/Asuncion": "Amerika/Asuncion",
  "America/Atikokan": "America/Atikokan",
  "America/Bahia": "America/Bahia",
  "America/Bahia_Banderas": "America/Bahia_Banderas",
  "America/Barbados": "Amerika/Barbados",
  "America/Belem": "America/Belem",
  "America/Belize": "Amerika/Belize",
  "America/Blanc-Sablon": "America/Blanc-Sablon",
  "America/Boa_Vista": "Amerika/Boa_Vista",
  "America/Bogota": "America/Bogota",
  "America/Boise": "America/Boise",
  "America/Cambridge_Bay": "Amerika/Cambridge_Bay",
  "America/Campo_Grande": "Amerika/Campo_Grande",
  "America/Cancun": "Amerika/Cancun",
  "America/Caracas": "Amerika/Caracas",
  "America/Cayenne": "America/Cayenne",
  "America/Cayman": "America/Cayman",
  "America/Chicago": "Amerika/Chicago",
  "America/Chihuahua": "America/Chihuahua",
  "America/Ciudad_Juarez": "America/Ciudad_Juarez",
  "America/Costa_Rica": "Amerika/Costa_Rica",
  "America/Creston": "Amerika/Creston",
  "America/Cuiaba": "America/Cuiaba",
  "America/Curacao": "America/Curacao",
  "America/Danmarkshavn": "America/Danmarkshavn",
  "America/Dawson": "Amerika/Dawson",
  "America/Dawson_Creek": "Amerika/Dľon_Creek",
  "America/Denver": "Amerika/Denver",
  "America/Detroit": "Amerika/Detroit",
  "America/Dominica": "Amerika/Dominica",
  "America/Edmonton": "America/Edmonton",
  "America/Eirunepe": "America/Eirunepe",
  "America/El_Salvador": "America/El_Salvador",
  "America/Fort_Nelson": "Amerika/Fort_Nelson",
  "America/Fortaleza": "America/Fortaleza",
  "America/Glace_Bay": "Amerika/Glace_Bay",
  "America/Goose_Bay": "America/Goose_Bay",
  "America/Grand_Turk": "Amerika/Grand_Turk",
  "America/Grenada": "Amerika/Grenada",
  "America/Guadeloupe": "America/Guadeloupe",
  "America/Guatemala": "America/Guatemala",
  "America/Guayaquil": "America/Guayaquil",
  "America/Guyana": "America/Guyana",
  "America/Halifax": "Amerika/Halifax",
  "America/Havana": "America/Havana",
  "America/Hermosillo": "Amerika/Hermosillo",
  "America/Indiana/Indianapolis": "America/Indiana/Indianapolis",
  "America/Indiana/Knox": "Amerika/Indiana/Knox",
  "America/Indiana/Marengo": "Amerika/Indiana/Marengo",
  "America/Indiana/Petersburg": "Amerika/Indiana/Petersburg",
  "America/Indiana/Tell_City": "Amerika/Indiana/Tell_City",
  "America/Indiana/Vevay": "America/Indiana/Vevay",
  "America/Indiana/Vincennes": "Amerika/Indiana/Vincennes",
  "America/Indiana/Winamac": "America/Indiana/Winamac",
  "America/Inuvik": "America/Inuvik",
  "America/Iqaluit": "America/Iqaluit",
  "America/Jamaica": "America/Jamaica",
  "America/Juneau": "Amerika/Juneau",
  "America/Kentucky/Louisville": "Amerika/Kentucky/Louisville",
  "America/Kentucky/Monticello": "Amerika/Kentucky/Monticello",
  "America/Kralendijk": "America/Kralendijk",
  "America/La_Paz": "Amerika/La_Paz",
  "America/Lima": "Amerika/Lima",
  "America/Los_Angeles": "Amerika/Los_Angeles",
  "America/Lower_Princes": "Amerika/Lower_Princes",
  "America/Maceio": "Amerika/Maceio",
  "America/Managua": "America/Managua",
  "America/Manaus": "America/Manaus",
  "America/Marigot": "America/Marigot",
  "America/Martinique": "Amerika/Martinique",
  "America/Matamoros": "America/Matamoros",
  "America/Mazatlan": "America/Mazatlan",
  "America/Menominee": "Amerika/Menominee",
  "America/Merida": "Amerika/Merida",
  "America/Metlakatla": "America/Metlakatla",
  "America/Mexico_City": "Amerika/Mexico_City",
  "America/Miquelon": "America/Miquelon",
  "America/Moncton": "America/Moncton",
  "America/Monterrey": "America/Monterrey",
  "America/Montevideo": "Amerika/Montevideo",
  "America/Montserrat": "America/Montserrat",
  "America/Nassau": "America/Nassau",
  "America/New_York": "Amerika/New_York",
  "America/Nome": "America/Nome",
  "America/Noronha": "America/Noronha",
  "America/North_Dakota/Beulah": "Amerika/North_Dakota/Beulah",
  "America/North_Dakota/Center": "Amerika/North_Dakota/Center",
  "America/North_Dakota/New_Salem": "Amerika/North_Dakota/New_Salem",
  "America/Nuuk": "America/Nuuk",
  "America/Ojinaga": "America/Ojinaga",
  "America/Panama": "America/Panama",
  "America/Paramaribo": "America/Paramaribo",
  "America/Phoenix": "Amerika/Phoenix",
  "America/Port-au-Prince": "Amerika/Port-au-Prince",
  "America/Port_of_Spain": "Amerika/Port_of_Spain",
  "America/Porto_Velho": "America/Porto_Velho",
  "America/Puerto_Rico": "America/Puerto_Rico",
  "America/Punta_Arenas": "America/Punta_Arenas",
  "America/Rankin_Inlet": "America/Rankin_Inlet",
  "America/Recife": "America/Recife",
  "America/Regina": "Amerika/Regina",
  "America/Resolute": "America/Resolute",
  "America/Rio_Branco": "America/Rio_Branco",
  "America/Santarem": "America/Santarem",
  "America/Santiago": "America/Santiago",
  "America/Santo_Domingo": "Amerika/Santo_Domingo",
  "America/Sao_Paulo": "America/Sao_Paulo",
  "America/Scoresbysund": "America/Scoresbysund",
  "America/Sitka": "America/Sitka",
  "America/St_Barthelemy": "America/St_Barthelemy",
  "America/St_Johns": "Amerika/St_Johns",
  "America/St_Kitts": "Amerika/St_Kitts",
  "America/St_Lucia": "America/St_Lucia",
  "America/St_Thomas": "Amerika/St_Thomas",
  "America/St_Vincent": "America/St_Vincent",
  "America/Swift_Current": "Amerika/Swift_Current",
  "America/Tegucigalpa": "America/Tegucigalpa",
  "America/Thule": "America/Thule",
  "America/Tijuana": "America/Tijuana",
  "America/Toronto": "Amerika/Toronto",
  "America/Tortola": "Amerika/Tortola",
  "America/Vancouver": "America/Vancouver",
  "America/Whitehorse": "Amerika/Whitehorse",
  "America/Winnipeg": "Amerika/Winnipeg",
  "America/Yakutat": "America/Yakutat",
  "Antarctica/Casey": "Antarctica/Casey",
  "Antarctica/Davis": "Antarctica/Davis",
  "Antarctica/DumontDUrville": "Antarctica/DumontDUrville",
  "Antarctica/Macquarie": "Antarctica/Macquarie",
  "Antarctica/Mawson": "Antarctica/Mawson",
  "Antarctica/McMurdo": "Antarctica/McMurdo",
  "Antarctica/Palmer": "Antarctica/Palmer",
  "Antarctica/Rothera": "Antarctica/Rothera",
  "Antarctica/Syowa": "Antarctica/Syowa",
  "Antarctica/Troll": "Antarctica/Troll",
  "Antarctica/Vostok": "Antarctica/Vostok",
  "Arctic/Longyearbyen": "Arctic/Longyearbyen",
  "Asia/Aden": "Asia/Aden",
  "Asia/Almaty": "Asia/Almaty",
  "Asia/Amman": "Asia/Amman",
  "Asia/Anadyr": "Asia/Anadyr",
  "Asia/Aqtau": "Asia/Aqtau",
  "Asia/Aqtobe": "Asia/Aqtobe",
  "Asia/Ashgabat": "Asia/Ashgabat",
  "Asia/Atyrau": "Asia/Atyrau",
  "Asia/Baghdad": "Asia/Baghdad",
  "Asia/Bahrain": "Asia/Bahrain",
  "Asia/Baku": "Azië/Bakoe",
  "Asia/Bangkok": "Asia/Bangkok",
  "Asia/Barnaul": "Asia/Barnaul",
  "Asia/Beirut": "Asia/Beirut",
  "Asia/Bishkek": "Asia/Bishkek",
  "Asia/Brunei": "Asia/Brunei",
  "Asia/Chita": "Asia/Chita",
  "Asia/Choibalsan": "Asia/Choibalsan",
  "Asia/Colombo": "Azië/Colombo",
  "Asia/Damascus": "Asia/Damascus",
  "Asia/Dhaka": "Asia/Dhaka",
  "Asia/Dili": "Asia/Dili",
  "Asia/Dubai": "Asia/Dubai",
  "Asia/Dushanbe": "Asia/Dushanbe",
  "Asia/Famagusta": "Asia/Famagusta",
  "Asia/Gaza": "Asia/Gaza",
  "Asia/Hebron": "Asia/Hebron",
  "Asia/Ho_Chi_Minh": "Asia/Ho_Chi_Minh",
  "Asia/Hong_Kong": "Asia/Hong_Kong",
  "Asia/Hovd": "Azië/Hovd",
  "Asia/Irkutsk": "Asia/Irkutsk",
  "Asia/Jakarta": "Asia/Jakarta",
  "Asia/Jayapura": "Asia/Jayapura",
  "Asia/Jerusalem": "Azië/Jeruzalem",
  "Asia/Kabul": "Azië/Kabul",
  "Asia/Kamchatka": "Azië/Kamtsjatka",
  "Asia/Karachi": "Azië/Karachi",
  "Asia/Kathmandu": "Asia/Kathmandu",
  "Asia/Khandyga": "Asia/Khandyga",
  "Asia/Kolkata": "Asia/Kolkata",
  "Asia/Krasnoyarsk": "Asia/Krasnoyarsk",
  "Asia/Kuala_Lumpur": "Asia/Kuala_Lumpur",
  "Asia/Kuching": "Asia/Kuching",
  "Asia/Kuwait": "Asia/Kuwait",
  "Asia/Macau": "Asia/Macau",
  "Asia/Magadan": "Asia/Magadan",
  "Asia/Makassar": "Asia/Makassar",
  "Asia/Manila": "Azië/Manilla",
  "Asia/Muscat": "Azië/Muscat",
  "Asia/Nicosia": "Asia/Nicosia",
  "Asia/Novokuznetsk": "Asia/Novokuznetsk",
  "Asia/Novosibirsk": "Asia/Novosibirsk",
  "Asia/Omsk": "Asia/Omsk",
  "Asia/Oral": "Azië/Oral",
  "Asia/Phnom_Penh": "Asia/Phnom_Penh",
  "Asia/Pontianak": "Asia/Pontianak",
  "Asia/Pyongyang": "Asia/Pyongyang",
  "Asia/Qatar": "Asia/Qatar",
  "Asia/Qostanay": "Asia/Qostanay",
  "Asia/Qyzylorda": "Asia/Qyzylorda",
  "Asia/Riyadh": "Asia/Riyadh",
  "Asia/Sakhalin": "Asia/Sakhalin",
  "Asia/Samarkand": "Asia/Samarkand",
  "Asia/Seoul": "Azië/Seoul",
  "Asia/Shanghai": "Asia/Shanghai",
  "Asia/Singapore": "Azië/Singapore",
  "Asia/Srednekolymsk": "Asia/Srednekolymsk",
  "Asia/Taipei": "Asia/Taipei",
  "Asia/Tashkent": "Asia/Tashkent",
  "Asia/Tbilisi": "Asia/Tbilisi",
  "Asia/Tehran": "Azië/Teheran",
  "Asia/Thimphu": "Asia/Thimphu",
  "Asia/Tokyo": "Asia/Tokyo",
  "Asia/Tomsk": "Azië/Tomsk",
  "Asia/Ulaanbaatar": "Asia/Ulaanbaatar",
  "Asia/Urumqi": "Asia/Urumqi",
  "Asia/Ust-Nera": "Asia/Ust-Nera",
  "Asia/Vientiane": "Asia/Vientiane",
  "Asia/Vladivostok": "Asia/Vladivostok",
  "Asia/Yakutsk": "Asia/Yakutsk",
  "Asia/Yangon": "Asia/Yangon",
  "Asia/Yekaterinburg": "Asia/Yekaterinburg",
  "Asia/Yerevan": "Asia/Yerevan",
  "Atlantic/Azores": "Atlantic/Azores",
  "Atlantic/Bermuda": "Atlantisch/Bermuda",
  "Atlantic/Canary": "Atlantisch/Canarische",
  "Atlantic/Cape_Verde": "Atlantisch/Kaap_Verde",
  "Atlantic/Faroe": "Atlantisch/Faeröer",
  "Atlantic/Madeira": "Atlantisch/Madeira",
  "Atlantic/Reykjavik": "Atlantic/Reykjavik",
  "Atlantic/South_Georgia": "Atlantisch/Zuid-Georgië",
  "Atlantic/St_Helena": "Atlantisch/St_Helena",
  "Atlantic/Stanley": "Atlantisch/Stanley",
  "Australia/Adelaide": "Australia/Adelaide",
  "Australia/Brisbane": "Australië/Brisbane",
  "Australia/Broken_Hill": "Australië/Broken_Hill",
  "Australia/Darwin": "Australië/Darwin",
  "Australia/Eucla": "Australia/Eucla",
  "Australia/Hobart": "Australia/Hobart",
  "Australia/Lindeman": "Australia/Lindeman",
  "Australia/Lord_Howe": "Australia/Lord_Howe",
  "Australia/Melbourne": "Australië/Melbourne",
  "Australia/Perth": "Australië/Perth",
  "Australia/Sydney": "Australië/Sydney",
  "Europe/Amsterdam": "Europa/Amsterdam",
  "Europe/Andorra": "Europa/Andorra",
  "Europe/Astrakhan": "Europe/Astrakhan",
  "Europe/Athens": "Europa/Athene",
  "Europe/Belgrade": "Europa/Belgrado",
  "Europe/Berlin": "Europa/Berlijn",
  "Europe/Bratislava": "Europe/Bratislava",
  "Europe/Brussels": "Europa/Brussel",
  "Europe/Bucharest": "Europa/Boekarest",
  "Europe/Budapest": "Europe/Budapest",
  "Europe/Busingen": "Europa/Busingen",
  "Europe/Chisinau": "Europe/Chisinau",
  "Europe/Copenhagen": "Europa/Kopenhagen",
  "Europe/Dublin": "Europa/Dublin",
  "Europe/Gibraltar": "Europa/Gibraltar",
  "Europe/Guernsey": "Europa/Guernsey",
  "Europe/Helsinki": "Europe/Helsinki",
  "Europe/Isle_of_Man": "Europa/Isle_of_Man",
  "Europe/Istanbul": "Europe/Istanbul",
  "Europe/Jersey": "Europa/Jersey",
  "Europe/Kaliningrad": "Europa/Kaliningrad",
  "Europe/Kirov": "Europe/Kirov",
  "Europe/Kyiv": "Europa/Kiev",
  "Europe/Lisbon": "Europa/Lissabon",
  "Europe/Ljubljana": "Europe/Ljubljana",
  "Europe/London": "Europa/Londen",
  "Europe/Luxembourg": "Europa/Luxemburg",
  "Europe/Madrid": "Europa/Madrid",
  "Europe/Malta": "Europe/Malta",
  "Europe/Mariehamn": "Europa/Mariehamn",
  "Europe/Minsk": "Europa/Minsk",
  "Europe/Monaco": "Europa/Monaco",
  "Europe/Moscow": "Europa/Moskou",
  "Europe/Oslo": "Europa/Oslo",
  "Europe/Paris": "Europa/Parijs",
  "Europe/Podgorica": "Europa/Podgorica",
  "Europe/Prague": "Europa/Praag",
  "Europe/Riga": "Europa/Riga",
  "Europe/Rome": "Europa/Rome",
  "Europe/Samara": "Europa/Samara",
  "Europe/San_Marino": "Europa/San_Marino",
  "Europe/Sarajevo": "Europe/Sarajevo",
  "Europe/Saratov": "Europa/Saratov",
  "Europe/Simferopol": "Europe/Simferopol",
  "Europe/Skopje": "Europa/Skopje",
  "Europe/Sofia": "Europa/Sofia",
  "Europe/Stockholm": "Europa/Stockholm",
  "Europe/Tallinn": "Europa/Tallinn",
  "Europe/Tirane": "Europa/Tirane",
  "Europe/Ulyanovsk": "Europe/Ulyanovsk",
  "Europe/Vaduz": "Europa/Vaduz",
  "Europe/Vatican": "Europa/Vaticaan",
  "Europe/Vienna": "Europa/Wenen",
  "Europe/Vilnius": "Europe/Vilnius",
  "Europe/Volgograd": "Europe/Volgograd",
  "Europe/Warsaw": "Europa/Warschau",
  "Europe/Zagreb": "Europe/Zagreb",
  "Europe/Zurich": "Europa/Zürich",
  "Indian/Antananarivo": "Indian/Antananarivo",
  "Indian/Chagos": "India/Chagos",
  "Indian/Christmas": "India/Kerst",
  "Indian/Cocos": "Indische/Cocos",
  "Indian/Comoro": "Indische/Comoren",
  "Indian/Kerguelen": "Indische/Kerguelen",
  "Indian/Mahe": "India/Mahe",
  "Indian/Maldives": "Indische/Maldiven",
  "Indian/Mauritius": "Indian/Mauritius",
  "Indian/Mayotte": "Indische/Mayotte",
  "Indian/Reunion": "Indische/Reunion",
  "Pacific/Apia": "Pacific/Apia",
  "Pacific/Auckland": "Pacific/Auckland",
  "Pacific/Bougainville": "Pacific/Bougainville",
  "Pacific/Chatham": "Pacific/Chatham",
  "Pacific/Chuuk": "Pacific/Chuuk",
  "Pacific/Easter": "Pacific/Pasen",
  "Pacific/Efate": "Pacific/Efate",
  "Pacific/Fakaofo": "Pacific/Fakaofo",
  "Pacific/Fiji": "Pacific/Fiji",
  "Pacific/Funafuti": "Pacific/Funafuti",
  "Pacific/Galapagos": "Pacific/Galapagos",
  "Pacific/Gambier": "Pacific/Gambier",
  "Pacific/Guadalcanal": "Pacific/Guadalcanaal",
  "Pacific/Guam": "Pacific/Guam",
  "Pacific/Honolulu": "Pacific/Honolulu",
  "Pacific/Kanton": "Pacific/Kanton",
  "Pacific/Kiritimati": "Pacific/Kiritimati",
  "Pacific/Kosrae": "Pacific/Kosrae",
  "Pacific/Kwajalein": "Pacific/Kwajalein",
  "Pacific/Majuro": "Pacific/Majuro",
  "Pacific/Marquesas": "Pacific/Marquesas",
  "Pacific/Midway": "Pacific/Midway",
  "Pacific/Nauru": "Pacific/Nauru",
  "Pacific/Niue": "Pacific/Niue",
  "Pacific/Norfolk": "Pacific/Norfolk",
  "Pacific/Noumea": "Pacific/Noumea",
  "Pacific/Pago_Pago": "Pacific/Pago_Pago",
  "Pacific/Palau": "Pacific/Palau",
  "Pacific/Pitcairn": "Pacific/Pitcairn",
  "Pacific/Pohnpei": "Pacific/Pohnpei",
  "Pacific/Port_Moresby": "Pacific/Port_Moresby",
  "Pacific/Rarotonga": "Pacific/Rarotonga",
  "Pacific/Saipan": "Pacific/Saipan",
  "Pacific/Tahiti": "Pacific/Tahiti",
  "Pacific/Tarawa": "Pacific/Tarawa",
  "Pacific/Tongatapu": "Pacific/Tongatapu",
  "Pacific/Wake": "Pacific/ontwaken",
  "Pacific/Wallis": "Pacific/Wallis"
}