{
  "Self-hosted email marketing software": "Software de e-mail auto-hospedado",
  "Sendy Domain": "Domínio tendente",
  "API Key": "Chave de API",
  "Brand ID": "ID da Marca",
  "The domain of your Sendy account": "O domínio da sua conta do Sendy",
  "The API key for your Sendy account": "A chave da API para a sua conta Sendy",
  "The brand ID that will be associated to this connection. Brand IDs can be found on the main Brands page.": "O ID da marca que será associada a essa conexão. IDs de marca podem ser encontrados na página principal de marcas.",
  "\nYour sendy domain should be the base URL of your Sendy installation. Example: https://sendy.example.com\n\nFollow these instructions to get your Sendy API Key:\n\n1. Visit the Settings page of your Sendy domain: _https://sendy-domain.com_/settings\n2. Once on the website, locate and click on the API Key and copy it.\n\nGet your Brand ID from the main Brands page. The ID is the first column in the table.\n": "\nYour sendy domain should be the base URL of your Sendy installation. Example: https://sendy.example.com\n\nFollow these instructions to get your Sendy API Key:\n\n1. Visit the Settings page of your Sendy domain: _https://sendy-domain.com_/settings\n2. Once on the website, locate and click on the API Key and copy it.\n\nGet your Brand ID from the main Brands page. The ID is the first column in the table.\n",
  "Count Active Subscribers": "Contar Assinantes Ativos",
  "Create Campaign": "Criar Campanha",
  "Delete Subscriber": "Excluir Assinante",
  "Get Brands": "Obter Marcas",
  "Get Lists for a Brand": "Obter listas para uma marca",
  "Get Subscription Status": "Obter Status da Assinatura",
  "Subscribe Updated": "Inscrever-se Atualizado",
  "Subscribe Multiple Lists": "Assinar múltiplas listas",
  "Unsubscribe": "Desinscrever",
  "Unsubscribe Multiple Lists": "Cancelar subscrição de várias listas",
  "Get the active subscriber count for a list": "Obter a contagem de assinantes ativos para uma lista",
  "Create a new campaign": "Criar uma nova campanha",
  "Delete a subscriber from a list": "Excluir um assinante da lista",
  "Get a list of brands from Sendy": "Obter uma lista de marcas de Sendy",
  "Get the Lists for a Brand": "Obtenha as Listas para uma Marca",
  "Get the subscription status of a user": "Obter a assinatura do usuário",
  "Add a new subscriber to a list": "Adicionar um novo assinante a uma lista",
  "Add a new subscriber to a multiple lists": "Adicionar um novo assinante a várias listas",
  "Unsubscribe a subscriber from a list": "Cancelar inscrição de um assinante de uma lista",
  "Unsubscribe a subscriber from multiple lists": "Cancelar inscrição em múltiplas listas",
  "List": "Lista",
  "From Email": "E-mail do Remetente",
  "From Name": "Nome do Remetente",
  "Reply To": "Responder a",
  "Title": "Título",
  "Subject": "Cargo",
  "Plain Text": "Texto sem Formatação",
  "HTML": "HTML",
  "Lists": "Listas",
  "Exclude Lists": "Excluir listas",
  "Segment IDs": "IDs do segmento",
  "Exclude Segment IDs": "Excluir IDs do segmento",
  "Query String": "Caracteres de consulta",
  "Track Opens": "Faixa Aberta",
  "Track Clicks": "Acompanhar Cliques",
  "Automatically Send": "Enviar automaticamente",
  "Schedule the Campaign": "Agendar a Campanha",
  "Timezone": "Timezone",
  "Email": "e-mail",
  "Include Hidden Lists": "Incluir Listas Ocultas",
  "Name": "Nome",
  "Country": "País/região",
  "IP Address": "Endereço IP",
  "Referrer": "Referente",
  "GDPR compliant": "Compatível com RGPD",
  "Silent": "Silencioso",
  "Select the list to get the status from": "Selecione a lista de onde obter o status",
  "The email address the campaign will be sent from": "O endereço de e-mail que a campanha será enviada de",
  "The name the campaign will be sent from": "O nome da campanha será enviado de",
  "The email address that will be used for replies": "O endereço de email que será utilizado para as respostas",
  "The title of the campaign": "O título da campanha",
  "The subject of the campaign email": "O assunto do e-mail da campanha",
  "The plain text version of the campaign email": "A versão em texto simples do e-mail da campanha",
  "The HTML version of the campaign email": "A versão HTML do e-mail da campanha",
  "Select lists to send the campaign to": "Selecione listas para enviar a campanha para",
  "Select lists to exclude from the campaign send": "Selecione listas para excluir da campanha de envio",
  "Comma separated list of segment IDs to send the campaign to": "Lista separada por vírgulas de IDs de segmento para enviar a campanha para",
  "Comma separated list of segment IDs to exclude from the campaign send": "Lista separada por vírgulas de IDs de segmento para excluir da campanha de envio",
  "The query string to append to the campaign URL": "A string de consulta para acrescentar ao URL da campanha",
  "Enable open tracking": "Ativar rastreamento aberto",
  "Enable click tracking": "Habilitar rastreamento de cliques",
  "Automatically send the campaign after creation": "Enviar automaticamente a campanha após a criação",
  "Schedule the campaign to be sent at a specific date and time. Date/time format: 2023-06-09T12:00:00Z": "Agende a campanha para ser enviada em uma data e hora específicas. Formato de data/hora: 2023-06-09T12:00:00Z",
  "The timezone to use for the schedule": "O fuso horário a ser usado para a agenda",
  "Select the list to delete from": "Selecione a lista para excluir",
  "The user's email": "O e-mail do usuário",
  "Include hidden lists in the results": "Incluir listas ocultas nos resultados",
  "Select the list to subscribe to": "Selecione a lista para se inscrever a",
  "The user's name": "O nome do usuário",
  "The user's 2 letter country code": "Código do país do usuário 2 letras",
  "The user's IP address": "O endereço IP do usuário",
  "The URL where the user signed up from": "A URL da qual o usuário se registrou",
  "If you're signing up EU users in a GDPR compliant manner, set to true": "Se você está registrando os usuários da UE de forma compatível com o RGPD, definida como verdadeira",
  "set to true if your list is 'Double opt-in' but you want to bypass that and signup the user to the list as 'Single Opt-in instead' ": "defina como true se a sua lista é \"Double opt-in\", mas deseja ignorar isso e inscrever-se no usuário como \"Single Opt-in em vez disso\" ",
  "Select the lists to subscribe to": "Selecione as listas para se inscrever a",
  "Select the list to unsubscribe from": "Selecione a lista para cancelar a inscrição de",
  "Disable": "Desligado",
  "Enable": "Habilitado",
  "Anonymous": "Anônimo",
  "Africa/Abidjan": "Africa/Abidjan",
  "Africa/Accra": "África/Accra",
  "Africa/Addis_Ababa": "África/Addis_Ababa",
  "Africa/Algiers": "Africa/Algiers",
  "Africa/Asmara": "Africa/Asmara",
  "Africa/Bamako": "África/Bamak",
  "Africa/Bangui": "África, Bangui",
  "Africa/Banjul": "Africa/Banjul",
  "Africa/Bissau": "Africa/Bissau",
  "Africa/Blantyre": "Africa/Blantyre",
  "Africa/Brazzaville": "África/Brazzavile",
  "Africa/Bujumbura": "Africa/Bujumbura",
  "Africa/Cairo": "Africa/Cairo",
  "Africa/Casablanca": "África, Casablanca",
  "Africa/Ceuta": "África, Ceuta",
  "Africa/Conakry": "Africa/Conakry",
  "Africa/Dakar": "Africa/Dakar",
  "Africa/Dar_es_Salaam": "Africa/Dar_es_Salaam",
  "Africa/Djibouti": "Africa/Djibouti",
  "Africa/Douala": "Africa/Douala",
  "Africa/El_Aaiun": "Africa/El_Aaiun",
  "Africa/Freetown": "África/Freetown",
  "Africa/Gaborone": "Africa/Gaborone",
  "Africa/Harare": "África/Harare",
  "Africa/Johannesburg": "Africa/Johannesburg",
  "Africa/Juba": "Africa/Juba",
  "Africa/Kampala": "África/Campala",
  "Africa/Khartoum": "Africa/Khartoum",
  "Africa/Kigali": "Africa/Kigali",
  "Africa/Kinshasa": "Africa/Kinshasa",
  "Africa/Lagos": "Africa/Lagos",
  "Africa/Libreville": "África/Vila",
  "Africa/Lome": "África/Lome",
  "Africa/Luanda": "Água/Luanda",
  "Africa/Lubumbashi": "África/Lubumbashi",
  "Africa/Lusaka": "Africa/Lusaka",
  "Africa/Malabo": "Africa/Malabo",
  "Africa/Maputo": "África/Mapa",
  "Africa/Maseru": "Africa/Maseru",
  "Africa/Mbabane": "Africa/Mbabane",
  "Africa/Mogadishu": "Africa/Mogadishu",
  "Africa/Monrovia": "África/Monrovia",
  "Africa/Nairobi": "África, Nairobi",
  "Africa/Ndjamena": "Africa/Ndjamena",
  "Africa/Niamey": "Africa/Niamey",
  "Africa/Nouakchott": "Africa/Nouakchott",
  "Africa/Ouagadougou": "Africa/Ouagadougou",
  "Africa/Porto-Novo": "África/Porto-Novo",
  "Africa/Sao_Tome": "África/Sao_Tomé",
  "Africa/Tripoli": "Africa/Tripoli",
  "Africa/Tunis": "África/Tunis",
  "Africa/Windhoek": "África/Windhoek",
  "America/Adak": "America/Adak",
  "America/Anchorage": "América/Anchorage",
  "America/Anguilla": "America/Anguilla",
  "America/Antigua": "America/Antigua",
  "America/Araguaina": "America/Araguaina",
  "America/Argentina/Buenos_Aires": "America/Argentina/Buenos_Aires",
  "America/Argentina/Catamarca": "América/Argentina/Catamarca",
  "America/Argentina/Cordoba": "America/Argentina/Cordoba",
  "America/Argentina/Jujuy": "America/Argentina/Jujuy",
  "America/Argentina/La_Rioja": "America/Argentina/La_Rioja",
  "America/Argentina/Mendoza": "America/Argentina/Mendoza",
  "America/Argentina/Rio_Gallegos": "America/Argentina/Rio_Gallegos",
  "America/Argentina/Salta": "América/Argentina/Salta",
  "America/Argentina/San_Juan": "América/Argentina/San_Juan",
  "America/Argentina/San_Luis": "América/Argentina/San_Luis",
  "America/Argentina/Tucuman": "America/Argentina/Tucuman",
  "America/Argentina/Ushuaia": "America/Argentina/Ushuaia",
  "America/Aruba": "America/Aruba",
  "America/Asuncion": "América/Asuncion",
  "America/Atikokan": "America/Atikokan",
  "America/Bahia": "America/Bahia",
  "America/Bahia_Banderas": "America/Bahia_Banderas",
  "America/Barbados": "América/Barbados",
  "America/Belem": "America/Belem",
  "America/Belize": "América/Belize",
  "America/Blanc-Sablon": "America/Blanc-Sablon",
  "America/Boa_Vista": "América/Boa_Vista",
  "America/Bogota": "America/Bogota",
  "America/Boise": "America/Boise",
  "America/Cambridge_Bay": "América/Cambridge_Bay",
  "America/Campo_Grande": "América/Campo_Grande",
  "America/Cancun": "América/Cancun",
  "America/Caracas": "América/Caracas",
  "America/Cayenne": "America/Cayenne",
  "America/Cayman": "America/Cayman",
  "America/Chicago": "América/Chicago",
  "America/Chihuahua": "America/Chihuahua",
  "America/Ciudad_Juarez": "America/Ciudad_Juarez",
  "America/Costa_Rica": "América/Costa_Rica",
  "America/Creston": "América/Creston",
  "America/Cuiaba": "America/Cuiaba",
  "America/Curacao": "America/Curacao",
  "America/Danmarkshavn": "America/Danmarkshavn",
  "America/Dawson": "América/Dawson",
  "America/Dawson_Creek": "América/Dawson_Creek",
  "America/Denver": "América/Denver",
  "America/Detroit": "América/Detroit",
  "America/Dominica": "América/Dominica",
  "America/Edmonton": "America/Edmonton",
  "America/Eirunepe": "America/Eirunepe",
  "America/El_Salvador": "America/El_Salvador",
  "America/Fort_Nelson": "América/Fort_Nelson",
  "America/Fortaleza": "America/Fortaleza",
  "America/Glace_Bay": "América/Glace_Bay",
  "America/Goose_Bay": "America/Goose_Bay",
  "America/Grand_Turk": "América/Grand_Turk",
  "America/Grenada": "América/Grenada",
  "America/Guadeloupe": "America/Guadeloupe",
  "America/Guatemala": "America/Guatemala",
  "America/Guayaquil": "America/Guayaquil",
  "America/Guyana": "America/Guyana",
  "America/Halifax": "América/Halifax",
  "America/Havana": "America/Havana",
  "America/Hermosillo": "América/Hermosillo",
  "America/Indiana/Indianapolis": "America/Indiana/Indianapolis",
  "America/Indiana/Knox": "América/Indiana/Knox",
  "America/Indiana/Marengo": "América/Indiana/Marengo",
  "America/Indiana/Petersburg": "América/Indiana/Petersburgo",
  "America/Indiana/Tell_City": "América/Indiana/Tell_City",
  "America/Indiana/Vevay": "America/Indiana/Vevay",
  "America/Indiana/Vincennes": "América/Indiana/Vincennes",
  "America/Indiana/Winamac": "America/Indiana/Winamac",
  "America/Inuvik": "America/Inuvik",
  "America/Iqaluit": "America/Iqaluit",
  "America/Jamaica": "America/Jamaica",
  "America/Juneau": "América/Juneau",
  "America/Kentucky/Louisville": "América/Kentucky/Louisville",
  "America/Kentucky/Monticello": "América/Kentucky/Monticello",
  "America/Kralendijk": "America/Kralendijk",
  "America/La_Paz": "América/La_Paz",
  "America/Lima": "América/Lima",
  "America/Los_Angeles": "América/Los_Angeles",
  "America/Lower_Princes": "América/Lower_Princes",
  "America/Maceio": "América/Maceio",
  "America/Managua": "America/Managua",
  "America/Manaus": "America/Manaus",
  "America/Marigot": "America/Marigot",
  "America/Martinique": "América/Martinica",
  "America/Matamoros": "America/Matamoros",
  "America/Mazatlan": "America/Mazatlan",
  "America/Menominee": "América/Menominee",
  "America/Merida": "América/Merida",
  "America/Metlakatla": "America/Metlakatla",
  "America/Mexico_City": "América/México_City",
  "America/Miquelon": "America/Miquelon",
  "America/Moncton": "America/Moncton",
  "America/Monterrey": "America/Monterrey",
  "America/Montevideo": "América/Montevideo",
  "America/Montserrat": "America/Montserrat",
  "America/Nassau": "America/Nassau",
  "America/New_York": "América/New_York",
  "America/Nome": "America/Nome",
  "America/Noronha": "America/Noronha",
  "America/North_Dakota/Beulah": "América/Dakota_Norte/Beulah",
  "America/North_Dakota/Center": "América/Dakota_Norte/Center",
  "America/North_Dakota/New_Salem": "América/Dakota_norte/New_Salem",
  "America/Nuuk": "America/Nuuk",
  "America/Ojinaga": "America/Ojinaga",
  "America/Panama": "America/Panama",
  "America/Paramaribo": "America/Paramaribo",
  "America/Phoenix": "América/Phoenix",
  "America/Port-au-Prince": "América/Port-au-Prince",
  "America/Port_of_Spain": "América/Port_of_Spain",
  "America/Porto_Velho": "America/Porto_Velho",
  "America/Puerto_Rico": "America/Puerto_Rico",
  "America/Punta_Arenas": "America/Punta_Arenas",
  "America/Rankin_Inlet": "America/Rankin_Inlet",
  "America/Recife": "America/Recife",
  "America/Regina": "América/Regina",
  "America/Resolute": "America/Resolute",
  "America/Rio_Branco": "America/Rio_Branco",
  "America/Santarem": "America/Santarem",
  "America/Santiago": "America/Santiago",
  "America/Santo_Domingo": "América/Santo_Domingo",
  "America/Sao_Paulo": "America/Sao_Paulo",
  "America/Scoresbysund": "America/Scoresbysund",
  "America/Sitka": "America/Sitka",
  "America/St_Barthelemy": "America/St_Barthelemy",
  "America/St_Johns": "América/St_Johns",
  "America/St_Kitts": "América/St_Kitts",
  "America/St_Lucia": "America/St_Lucia",
  "America/St_Thomas": "América/St_Thomas",
  "America/St_Vincent": "America/St_Vincent",
  "America/Swift_Current": "América/Swift_Current",
  "America/Tegucigalpa": "America/Tegucigalpa",
  "America/Thule": "America/Thule",
  "America/Tijuana": "America/Tijuana",
  "America/Toronto": "América/Toronto",
  "America/Tortola": "América/Tortola",
  "America/Vancouver": "America/Vancouver",
  "America/Whitehorse": "América/Whitehorse",
  "America/Winnipeg": "América/Winnipeg",
  "America/Yakutat": "America/Yakutat",
  "Antarctica/Casey": "Antártica/Casey",
  "Antarctica/Davis": "Antarctica/Davis",
  "Antarctica/DumontDUrville": "Antarctica/DumontDUrville",
  "Antarctica/Macquarie": "Antártica/Macquario",
  "Antarctica/Mawson": "Antarctica/Mawson",
  "Antarctica/McMurdo": "Antarctica/McMurdo",
  "Antarctica/Palmer": "Antarctica/Palmer",
  "Antarctica/Rothera": "Antarctica/Rothera",
  "Antarctica/Syowa": "Antarctica/Syowa",
  "Antarctica/Troll": "Antarctica/Troll",
  "Antarctica/Vostok": "Antarctica/Vostok",
  "Arctic/Longyearbyen": "Ártico/Longyearbyen",
  "Asia/Aden": "Asia/Aden",
  "Asia/Almaty": "Asia/Almaty",
  "Asia/Amman": "Asia/Amman",
  "Asia/Anadyr": "Asia/Anadyr",
  "Asia/Aqtau": "Asia/Aqtau",
  "Asia/Aqtobe": "Asia/Aqtobe",
  "Asia/Ashgabat": "Asia/Ashgabat",
  "Asia/Atyrau": "Asia/Atyrau",
  "Asia/Baghdad": "Asia/Baghdad",
  "Asia/Bahrain": "Asia/Bahrain",
  "Asia/Baku": "Ásia/Baku",
  "Asia/Bangkok": "Asia/Bangkok",
  "Asia/Barnaul": "Asia/Barnaul",
  "Asia/Beirut": "Asia/Beirut",
  "Asia/Bishkek": "Asia/Bishkek",
  "Asia/Brunei": "Asia/Brunei",
  "Asia/Chita": "Asia/Chita",
  "Asia/Choibalsan": "Asia/Choibalsan",
  "Asia/Colombo": "Ásia/Colombo",
  "Asia/Damascus": "Asia/Damascus",
  "Asia/Dhaka": "Asia/Dhaka",
  "Asia/Dili": "Asia/Dili",
  "Asia/Dubai": "Asia/Dubai",
  "Asia/Dushanbe": "Asia/Dushanbe",
  "Asia/Famagusta": "Asia/Famagusta",
  "Asia/Gaza": "Asia/Gaza",
  "Asia/Hebron": "Asia/Hebron",
  "Asia/Ho_Chi_Minh": "Asia/Ho_Chi_Minh",
  "Asia/Hong_Kong": "Asia/Hong_Kong",
  "Asia/Hovd": "Ásia/Hovd",
  "Asia/Irkutsk": "Asia/Irkutsk",
  "Asia/Jakarta": "Asia/Jakarta",
  "Asia/Jayapura": "Asia/Jayapura",
  "Asia/Jerusalem": "Ásia/Jerusalém",
  "Asia/Kabul": "Ásia/Cabul",
  "Asia/Kamchatka": "Ásia/Kamchatka",
  "Asia/Karachi": "Ásia/Karachi",
  "Asia/Kathmandu": "Asia/Kathmandu",
  "Asia/Khandyga": "Asia/Khandyga",
  "Asia/Kolkata": "Asia/Kolkata",
  "Asia/Krasnoyarsk": "Asia/Krasnoyarsk",
  "Asia/Kuala_Lumpur": "Asia/Kuala_Lumpur",
  "Asia/Kuching": "Asia/Kuching",
  "Asia/Kuwait": "Asia/Kuwait",
  "Asia/Macau": "Asia/Macau",
  "Asia/Magadan": "Asia/Magadan",
  "Asia/Makassar": "Asia/Makassar",
  "Asia/Manila": "Ásia/Manila",
  "Asia/Muscat": "Ásia/Muscat",
  "Asia/Nicosia": "Asia/Nicosia",
  "Asia/Novokuznetsk": "Asia/Novokuznetsk",
  "Asia/Novosibirsk": "Asia/Novosibirsk",
  "Asia/Omsk": "Asia/Omsk",
  "Asia/Oral": "Ásia/Oral",
  "Asia/Phnom_Penh": "Asia/Phnom_Penh",
  "Asia/Pontianak": "Asia/Pontianak",
  "Asia/Pyongyang": "Asia/Pyongyang",
  "Asia/Qatar": "Asia/Qatar",
  "Asia/Qostanay": "Asia/Qostanay",
  "Asia/Qyzylorda": "Asia/Qyzylorda",
  "Asia/Riyadh": "Asia/Riyadh",
  "Asia/Sakhalin": "Asia/Sakhalin",
  "Asia/Samarkand": "Asia/Samarkand",
  "Asia/Seoul": "Ásia/Seoul",
  "Asia/Shanghai": "Asia/Shanghai",
  "Asia/Singapore": "Ásia/Singapura",
  "Asia/Srednekolymsk": "Asia/Srednekolymsk",
  "Asia/Taipei": "Asia/Taipei",
  "Asia/Tashkent": "Asia/Tashkent",
  "Asia/Tbilisi": "Asia/Tbilisi",
  "Asia/Tehran": "Ásia/Teerã",
  "Asia/Thimphu": "Asia/Thimphu",
  "Asia/Tokyo": "Asia/Tokyo",
  "Asia/Tomsk": "Ásia/Tomsk",
  "Asia/Ulaanbaatar": "Asia/Ulaanbaatar",
  "Asia/Urumqi": "Asia/Urumqi",
  "Asia/Ust-Nera": "Asia/Ust-Nera",
  "Asia/Vientiane": "Asia/Vientiane",
  "Asia/Vladivostok": "Asia/Vladivostok",
  "Asia/Yakutsk": "Asia/Yakutsk",
  "Asia/Yangon": "Asia/Yangon",
  "Asia/Yekaterinburg": "Asia/Yekaterinburg",
  "Asia/Yerevan": "Asia/Yerevan",
  "Atlantic/Azores": "Atlantic/Azores",
  "Atlantic/Bermuda": "Atlântico/Bermuda",
  "Atlantic/Canary": "Atlântico/Canárias",
  "Atlantic/Cape_Verde": "Atlântico/Cape_Verde",
  "Atlantic/Faroe": "Atlântico/Faroé",
  "Atlantic/Madeira": "Atlântico/Madeira",
  "Atlantic/Reykjavik": "Atlantic/Reykjavik",
  "Atlantic/South_Georgia": "Atlântico/South_Georgia",
  "Atlantic/St_Helena": "Atlântico/St_Helena",
  "Atlantic/Stanley": "Atlântico/Stanley",
  "Australia/Adelaide": "Australia/Adelaide",
  "Australia/Brisbane": "Austrália/Brisbane",
  "Australia/Broken_Hill": "Austrália/Broken_Hill",
  "Australia/Darwin": "Austrália/Darwin",
  "Australia/Eucla": "Australia/Eucla",
  "Australia/Hobart": "Australia/Hobart",
  "Australia/Lindeman": "Australia/Lindeman",
  "Australia/Lord_Howe": "Australia/Lord_Howe",
  "Australia/Melbourne": "Austrália/Melbourne",
  "Australia/Perth": "Austrália/Perth",
  "Australia/Sydney": "Austrália/Sydney",
  "Europe/Amsterdam": "Europa/Amesterdão",
  "Europe/Andorra": "Europa/Andorra",
  "Europe/Astrakhan": "Europe/Astrakhan",
  "Europe/Athens": "Europa/Atenas",
  "Europe/Belgrade": "Europa/Belgrado",
  "Europe/Berlin": "Europa/Berlim",
  "Europe/Bratislava": "Europe/Bratislava",
  "Europe/Brussels": "Europa/Bruxelas",
  "Europe/Bucharest": "Europa/Bucareste",
  "Europe/Budapest": "Europe/Budapest",
  "Europe/Busingen": "Europa/Busingen",
  "Europe/Chisinau": "Europe/Chisinau",
  "Europe/Copenhagen": "Europa/Copenhaga",
  "Europe/Dublin": "Europa/Dublim",
  "Europe/Gibraltar": "Europa/Gibraltar",
  "Europe/Guernsey": "Europa/Guernsey",
  "Europe/Helsinki": "Europe/Helsinki",
  "Europe/Isle_of_Man": "Europa/Ilha_do_Homem",
  "Europe/Istanbul": "Europe/Istanbul",
  "Europe/Jersey": "Europa/Jersey",
  "Europe/Kaliningrad": "Europa/Kaliningrado",
  "Europe/Kirov": "Europe/Kirov",
  "Europe/Kyiv": "Europa/Kiev",
  "Europe/Lisbon": "Europa/Lisboa",
  "Europe/Ljubljana": "Europe/Ljubljana",
  "Europe/London": "Europa/Londres",
  "Europe/Luxembourg": "Europa/Luxemburgo",
  "Europe/Madrid": "Europa/Madrid",
  "Europe/Malta": "Europe/Malta",
  "Europe/Mariehamn": "Europa/Mariehamn",
  "Europe/Minsk": "Europa/Minsk",
  "Europe/Monaco": "Europa/Mônaco",
  "Europe/Moscow": "Europa/Moscovo",
  "Europe/Oslo": "Europa/Oslo",
  "Europe/Paris": "Europa/Paris",
  "Europe/Podgorica": "Europa/Podgorica",
  "Europe/Prague": "Europa/Praga",
  "Europe/Riga": "Europa/Riga",
  "Europe/Rome": "Europa/Roma",
  "Europe/Samara": "Europa/Samara",
  "Europe/San_Marino": "Europa/San_Marino",
  "Europe/Sarajevo": "Europe/Sarajevo",
  "Europe/Saratov": "Europa/Saratov",
  "Europe/Simferopol": "Europe/Simferopol",
  "Europe/Skopje": "Europa/Skopje",
  "Europe/Sofia": "Europa/Sófia",
  "Europe/Stockholm": "Europa/Estocolmo",
  "Europe/Tallinn": "Europa/Tallinn",
  "Europe/Tirane": "Europa/Tirane",
  "Europe/Ulyanovsk": "Europe/Ulyanovsk",
  "Europe/Vaduz": "Europa/Vaduz",
  "Europe/Vatican": "Europa/Vaticano",
  "Europe/Vienna": "Europa/Viena",
  "Europe/Vilnius": "Europe/Vilnius",
  "Europe/Volgograd": "Europe/Volgograd",
  "Europe/Warsaw": "Europa/Varsóvia",
  "Europe/Zagreb": "Europe/Zagreb",
  "Europe/Zurich": "Europa/Zurique",
  "Indian/Antananarivo": "Indian/Antananarivo",
  "Indian/Chagos": "Indiano/Chagos",
  "Indian/Christmas": "Indiano/Natal",
  "Indian/Cocos": "Indiano/Cocos",
  "Indian/Comoro": "Indiano/Comoro",
  "Indian/Kerguelen": "Indiano/Kerguelen",
  "Indian/Mahe": "Indiano/Mahe",
  "Indian/Maldives": "Indiano/Maldivas",
  "Indian/Mauritius": "Indian/Mauritius",
  "Indian/Mayotte": "Indiano/Mayotte",
  "Indian/Reunion": "Indiano/Reunion",
  "Pacific/Apia": "Pacífico/Apia",
  "Pacific/Auckland": "Pacífico/Auckland",
  "Pacific/Bougainville": "Pacífico, Bougainville",
  "Pacific/Chatham": "Pacífico/Chatham",
  "Pacific/Chuuk": "Pacífico/Chuuu",
  "Pacific/Easter": "Pacífico/Easter",
  "Pacific/Efate": "Pacific/Efate",
  "Pacific/Fakaofo": "Pacific/Fakaofo",
  "Pacific/Fiji": "Pacífico/Fiji",
  "Pacific/Funafuti": "Pacífico/Funafuti",
  "Pacific/Galapagos": "Pacífico/Galapagos",
  "Pacific/Gambier": "Pacífico/Gambier",
  "Pacific/Guadalcanal": "Pacific/Guadalcanal",
  "Pacific/Guam": "Pacífico/Guam",
  "Pacific/Honolulu": "Pacífico/Honolulu",
  "Pacific/Kanton": "Pacífico/Kanton",
  "Pacific/Kiritimati": "Pacífico/Kiritimati",
  "Pacific/Kosrae": "Pacifica/Kosrae",
  "Pacific/Kwajalein": "Pacífico/Kwajalein",
  "Pacific/Majuro": "Pacífico/Majuro",
  "Pacific/Marquesas": "Pacific/Marquesas",
  "Pacific/Midway": "Pacific/Midway",
  "Pacific/Nauru": "Pacífico/Nauru",
  "Pacific/Niue": "Pacífico/Niue",
  "Pacific/Norfolk": "Pacífico/Norfolk",
  "Pacific/Noumea": "Pacífico/Noumea",
  "Pacific/Pago_Pago": "Pacífico/Pago_Pago",
  "Pacific/Palau": "Pacífico/Palau",
  "Pacific/Pitcairn": "Pacífico/Pitcairn",
  "Pacific/Pohnpei": "Pacific/Pohnpei",
  "Pacific/Port_Moresby": "Pacífico/Port_Moresby",
  "Pacific/Rarotonga": "Pacific/Rarotonga",
  "Pacific/Saipan": "Pacífico/Saipan",
  "Pacific/Tahiti": "Pacífico/Tahiti",
  "Pacific/Tarawa": "Pacífico-Tarawa",
  "Pacific/Tongatapu": "Pacífico/Tongatapu",
  "Pacific/Wake": "Pacífico/Wake",
  "Pacific/Wallis": "Pacífico/Wallis"
}