{
  "Self-hosted email marketing software": "自我托管的电子邮件营销软件",
  "Sendy Domain": "发送域",
  "API Key": "API 密钥",
  "Brand ID": "品牌ID",
  "The domain of your Sendy account": "您的 Sendy 帐户域",
  "The API key for your Sendy account": "您的 Sendy 账户的 API 密钥",
  "The brand ID that will be associated to this connection. Brand IDs can be found on the main Brands page.": "将与此连接相关联的品牌ID。品牌ID可以在主品牌页面找到。",
  "\nYour sendy domain should be the base URL of your Sendy installation. Example: https://sendy.example.com\n\nFollow these instructions to get your Sendy API Key:\n\n1. Visit the Settings page of your Sendy domain: _https://sendy-domain.com_/settings\n2. Once on the website, locate and click on the API Key and copy it.\n\nGet your Brand ID from the main Brands page. The ID is the first column in the table.\n": "\nYour sendy domain should be the base URL of your Sendy installation. Example: https://sendy.example.com\n\nFollow these instructions to get your Sendy API Key:\n\n1. Visit the Settings page of your Sendy domain: _https://sendy-domain.com_/settings\n2. Once on the website, locate and click on the API Key and copy it.\n\nGet your Brand ID from the main Brands page. The ID is the first column in the table.\n",
  "Count Active Subscribers": "计数活动订阅者",
  "Create Campaign": "创建活动",
  "Delete Subscriber": "删除订阅者",
  "Get Brands": "获取品牌。",
  "Get Lists for a Brand": "获取品牌列表",
  "Get Subscription Status": "获取订阅状态",
  "Subscribe Updated": "订阅已更新",
  "Subscribe Multiple Lists": "订阅多个列表",
  "Unsubscribe": "取消订阅",
  "Unsubscribe Multiple Lists": "取消订阅多列表",
  "Get the active subscriber count for a list": "获取一个列表的活动订阅者计数",
  "Create a new campaign": "创建新的活动",
  "Delete a subscriber from a list": "从列表中删除一个订阅者",
  "Get a list of brands from Sendy": "从 Sendy 获取品牌列表",
  "Get the Lists for a Brand": "为品牌获取列表",
  "Get the subscription status of a user": "获取用户的订阅状态",
  "Add a new subscriber to a list": "在列表中添加一个新的订阅者",
  "Add a new subscriber to a multiple lists": "向多个列表添加一个新的订阅者",
  "Unsubscribe a subscriber from a list": "从列表中取消订阅用户",
  "Unsubscribe a subscriber from multiple lists": "从多个列表退订订订阅者",
  "List": "列表",
  "From Email": "来自电子邮件",
  "From Name": "发件人姓名",
  "Reply To": "回复给",
  "Title": "标题",
  "Subject": "议 题",
  "Plain Text": "纯文本",
  "HTML": "HTML",
  "Lists": "列表",
  "Exclude Lists": "排除列表",
  "Segment IDs": "片段 ID",
  "Exclude Segment IDs": "排除段 ID",
  "Query String": "查询字符串",
  "Track Opens": "跟踪打开",
  "Track Clicks": "曲目点击",
  "Automatically Send": "自动发送",
  "Schedule the Campaign": "安排宣传活动",
  "Timezone": "Timezone",
  "Email": "电子邮件地址",
  "Include Hidden Lists": "包含隐藏列表",
  "Name": "名称",
  "Country": "国家",
  "IP Address": "IP 地址",
  "Referrer": "推荐人",
  "GDPR compliant": "GDPR 兼容",
  "Silent": "静音",
  "Select the list to get the status from": "选择要获取状态的列表",
  "The email address the campaign will be sent from": "活动将发送的电子邮件地址",
  "The name the campaign will be sent from": "活动名称将从",
  "The email address that will be used for replies": "用于回复的电子邮件地址",
  "The title of the campaign": "运动的标题",
  "The subject of the campaign email": "营销活动邮件主题",
  "The plain text version of the campaign email": "营销活动邮件的纯文本版本",
  "The HTML version of the campaign email": "营销活动邮件的 HTML 版本",
  "Select lists to send the campaign to": "选择要发送活动的列表",
  "Select lists to exclude from the campaign send": "选择要排除在营销活动发送中的列表",
  "Comma separated list of segment IDs to send the campaign to": "用逗号分隔要发送活动到的段 ID列表",
  "Comma separated list of segment IDs to exclude from the campaign send": "逗号分隔的部分 ID列表以排除在营销活动发送中",
  "The query string to append to the campaign URL": "要附加到活动URL的查询字符串",
  "Enable open tracking": "启用开放跟踪",
  "Enable click tracking": "启用点击跟踪",
  "Automatically send the campaign after creation": "创建后自动发送活动",
  "Schedule the campaign to be sent at a specific date and time. Date/time format: 2023-06-09T12:00:00Z": "计划在特定日期和时间发送的活动。日期/时间格式：2023-06-09T12:00:00Z",
  "The timezone to use for the schedule": "时间表使用的时区",
  "Select the list to delete from": "选择要删除的列表",
  "The user's email": "用户的电子邮件",
  "Include hidden lists in the results": "在结果中包含隐藏列表",
  "Select the list to subscribe to": "选择订阅列表",
  "The user's name": "用户名称",
  "The user's 2 letter country code": "用户的2个字母国家代码",
  "The user's IP address": "用户的 IP 地址",
  "The URL where the user signed up from": "用户注册的 URL",
  "If you're signing up EU users in a GDPR compliant manner, set to true": "如果您以符合GDPR的方式注册欧盟用户，请设置为 true",
  "set to true if your list is 'Double opt-in' but you want to bypass that and signup the user to the list as 'Single Opt-in instead' ": "如果您的列表为“双选入”，则设置为“true”，但您想绕过这个选项，并将用户注册为“单选入” ",
  "Select the lists to subscribe to": "选择订阅列表",
  "Select the list to unsubscribe from": "选择要退订的列表",
  "Disable": "禁用",
  "Enable": "启用",
  "Anonymous": "匿名的",
  "Africa/Abidjan": "Africa/Abidjan",
  "Africa/Accra": "非洲/阿克拉",
  "Africa/Addis_Ababa": "非洲/Addis_Ababa",
  "Africa/Algiers": "Africa/Algiers",
  "Africa/Asmara": "Africa/Asmara",
  "Africa/Bamako": "非洲/巴马科",
  "Africa/Bangui": "非洲/班吉州",
  "Africa/Banjul": "Africa/Banjul",
  "Africa/Bissau": "Africa/Bissau",
  "Africa/Blantyre": "Africa/Blantyre",
  "Africa/Brazzaville": "非洲/布拉柴维尔",
  "Africa/Bujumbura": "Africa/Bujumbura",
  "Africa/Cairo": "Africa/Cairo",
  "Africa/Casablanca": "非洲/卡萨布兰卡",
  "Africa/Ceuta": "非洲/富塔州",
  "Africa/Conakry": "Africa/Conakry",
  "Africa/Dakar": "Africa/Dakar",
  "Africa/Dar_es_Salaam": "Africa/Dar_es_Salaam",
  "Africa/Djibouti": "Africa/Djibouti",
  "Africa/Douala": "Africa/Douala",
  "Africa/El_Aaiun": "Africa/El_Aaiun",
  "Africa/Freetown": "非洲/弗里敦",
  "Africa/Gaborone": "Africa/Gaborone",
  "Africa/Harare": "非洲/Harare",
  "Africa/Johannesburg": "Africa/Johannesburg",
  "Africa/Juba": "Africa/Juba",
  "Africa/Kampala": "非洲/堪培拉",
  "Africa/Khartoum": "Africa/Khartoum",
  "Africa/Kigali": "Africa/Kigali",
  "Africa/Kinshasa": "Africa/Kinshasa",
  "Africa/Lagos": "Africa/Lagos",
  "Africa/Libreville": "非洲/利伯维尔",
  "Africa/Lome": "非洲/洛美岛",
  "Africa/Luanda": "非洲/班达州",
  "Africa/Lubumbashi": "非洲/卢本巴希州",
  "Africa/Lusaka": "Africa/Lusaka",
  "Africa/Malabo": "Africa/Malabo",
  "Africa/Maputo": "非洲/马普托州",
  "Africa/Maseru": "Africa/Maseru",
  "Africa/Mbabane": "Africa/Mbabane",
  "Africa/Mogadishu": "Africa/Mogadishu",
  "Africa/Monrovia": "非洲/蒙罗维亚",
  "Africa/Nairobi": "非洲/内罗毕",
  "Africa/Ndjamena": "Africa/Ndjamena",
  "Africa/Niamey": "Africa/Niamey",
  "Africa/Nouakchott": "Africa/Nouakchott",
  "Africa/Ouagadougou": "Africa/Ouagadougou",
  "Africa/Porto-Novo": "非洲/波托诺沃州",
  "Africa/Sao_Tome": "非洲/圣多美和普林西比。",
  "Africa/Tripoli": "Africa/Tripoli",
  "Africa/Tunis": "非洲/突尼斯",
  "Africa/Windhoek": "非洲/温德霍克",
  "America/Adak": "America/Adak",
  "America/Anchorage": "美洲/安克雷克",
  "America/Anguilla": "America/Anguilla",
  "America/Antigua": "America/Antigua",
  "America/Araguaina": "America/Araguaina",
  "America/Argentina/Buenos_Aires": "America/Argentina/Buenos_Aires",
  "America/Argentina/Catamarca": "美洲/阿根廷/卡塔马卡",
  "America/Argentina/Cordoba": "America/Argentina/Cordoba",
  "America/Argentina/Jujuy": "America/Argentina/Jujuy",
  "America/Argentina/La_Rioja": "America/Argentina/La_Rioja",
  "America/Argentina/Mendoza": "America/Argentina/Mendoza",
  "America/Argentina/Rio_Gallegos": "America/Argentina/Rio_Gallegos",
  "America/Argentina/Salta": "美洲/阿根廷/萨尔塔",
  "America/Argentina/San_Juan": "美洲/阿根廷/胡安州",
  "America/Argentina/San_Luis": "美洲/阿根廷/路易斯",
  "America/Argentina/Tucuman": "America/Argentina/Tucuman",
  "America/Argentina/Ushuaia": "America/Argentina/Ushuaia",
  "America/Aruba": "America/Aruba",
  "America/Asuncion": "美洲/亚松森",
  "America/Atikokan": "America/Atikokan",
  "America/Bahia": "America/Bahia",
  "America/Bahia_Banderas": "America/Bahia_Banderas",
  "America/Barbados": "美洲/巴巴多斯",
  "America/Belem": "America/Belem",
  "America/Belize": "美洲/伯利兹",
  "America/Blanc-Sablon": "America/Blanc-Sablon",
  "America/Boa_Vista": "美洲/博阿维塔",
  "America/Bogota": "America/Bogota",
  "America/Boise": "America/Boise",
  "America/Cambridge_Bay": "美洲/坎布里吉湾",
  "America/Campo_Grande": "美洲/坎波-格兰德",
  "America/Cancun": "美洲/坎昆州",
  "America/Caracas": "美洲/加拉加斯",
  "America/Cayenne": "America/Cayenne",
  "America/Cayman": "America/Cayman",
  "America/Chicago": "美洲/芝加哥",
  "America/Chihuahua": "America/Chihuahua",
  "America/Ciudad_Juarez": "America/Ciudad_Juarez",
  "America/Costa_Rica": "美洲/哥斯达黎加",
  "America/Creston": "美洲/克里斯顿",
  "America/Cuiaba": "America/Cuiaba",
  "America/Curacao": "America/Curacao",
  "America/Danmarkshavn": "America/Danmarkshavn",
  "America/Dawson": "美洲/道森",
  "America/Dawson_Creek": "美洲/道森克里克",
  "America/Denver": "美洲/丹夫",
  "America/Detroit": "美洲/底特里特",
  "America/Dominica": "美洲/多米尼加共和国",
  "America/Edmonton": "America/Edmonton",
  "America/Eirunepe": "America/Eirunepe",
  "America/El_Salvador": "America/El_Salvador",
  "America/Fort_Nelson": "美洲/纳尔逊堡",
  "America/Fortaleza": "America/Fortaleza",
  "America/Glace_Bay": "美洲/格莱斯湾",
  "America/Goose_Bay": "America/Goose_Bay",
  "America/Grand_Turk": "美洲/格朗德-特克",
  "America/Grenada": "美洲/格林纳达",
  "America/Guadeloupe": "America/Guadeloupe",
  "America/Guatemala": "America/Guatemala",
  "America/Guayaquil": "America/Guayaquil",
  "America/Guyana": "America/Guyana",
  "America/Halifax": "美洲/哈利法克",
  "America/Havana": "America/Havana",
  "America/Hermosillo": "美洲/Hermosillo",
  "America/Indiana/Indianapolis": "America/Indiana/Indianapolis",
  "America/Indiana/Knox": "美洲/印地安那/诺克斯",
  "America/Indiana/Marengo": "美洲/印地安那/马伦多",
  "America/Indiana/Petersburg": "美洲/印地安那/彼得堡",
  "America/Indiana/Tell_City": "美洲/印地安那/泰尔城",
  "America/Indiana/Vevay": "America/Indiana/Vevay",
  "America/Indiana/Vincennes": "美洲/印地安那/芬森州",
  "America/Indiana/Winamac": "America/Indiana/Winamac",
  "America/Inuvik": "America/Inuvik",
  "America/Iqaluit": "America/Iqaluit",
  "America/Jamaica": "America/Jamaica",
  "America/Juneau": "美洲/朱奈乌岛",
  "America/Kentucky/Louisville": "美洲/肯塔基/卢伊斯维尔",
  "America/Kentucky/Monticello": "美洲/肯塔基/蒙蒂塞洛州",
  "America/Kralendijk": "America/Kralendijk",
  "America/La_Paz": "美洲/拉巴斯",
  "America/Lima": "美洲/利马",
  "America/Los_Angeles": "美洲/Los_Angeles",
  "America/Lower_Princes": "美洲/Lower_Princes",
  "America/Maceio": "美洲/马塞约",
  "America/Managua": "America/Managua",
  "America/Manaus": "America/Manaus",
  "America/Marigot": "America/Marigot",
  "America/Martinique": "美洲/马提尼克",
  "America/Matamoros": "America/Matamoros",
  "America/Mazatlan": "America/Mazatlan",
  "America/Menominee": "美洲/梅诺米内",
  "America/Merida": "美洲/梅里达",
  "America/Metlakatla": "America/Metlakatla",
  "America/Mexico_City": "美洲/墨西哥城",
  "America/Miquelon": "America/Miquelon",
  "America/Moncton": "America/Moncton",
  "America/Monterrey": "America/Monterrey",
  "America/Montevideo": "美洲/蒙得维的亚",
  "America/Montserrat": "America/Montserrat",
  "America/Nassau": "America/Nassau",
  "America/New_York": "美洲/纽约",
  "America/Nome": "America/Nome",
  "America/Noronha": "America/Noronha",
  "America/North_Dakota/Beulah": "美洲/北达科他/比乌拉",
  "America/North_Dakota/Center": "美洲/北达科他/中心",
  "America/North_Dakota/New_Salem": "美洲/北达科他/新萨利姆州",
  "America/Nuuk": "America/Nuuk",
  "America/Ojinaga": "America/Ojinaga",
  "America/Panama": "America/Panama",
  "America/Paramaribo": "America/Paramaribo",
  "America/Phoenix": "美洲/波尼克斯",
  "America/Port-au-Prince": "美洲/太子港",
  "America/Port_of_Spain": "美洲/西班牙波特",
  "America/Porto_Velho": "America/Porto_Velho",
  "America/Puerto_Rico": "America/Puerto_Rico",
  "America/Punta_Arenas": "America/Punta_Arenas",
  "America/Rankin_Inlet": "America/Rankin_Inlet",
  "America/Recife": "America/Recife",
  "America/Regina": "美洲/里吉纳",
  "America/Resolute": "America/Resolute",
  "America/Rio_Branco": "America/Rio_Branco",
  "America/Santarem": "America/Santarem",
  "America/Santiago": "America/Santiago",
  "America/Santo_Domingo": "美洲/圣多明各州",
  "America/Sao_Paulo": "America/Sao_Paulo",
  "America/Scoresbysund": "America/Scoresbysund",
  "America/Sitka": "America/Sitka",
  "America/St_Barthelemy": "America/St_Barthelemy",
  "America/St_Johns": "美洲/圣约翰斯",
  "America/St_Kitts": "美洲/圣基茨岛",
  "America/St_Lucia": "America/St_Lucia",
  "America/St_Thomas": "美洲/圣托马斯",
  "America/St_Vincent": "America/St_Vincent",
  "America/Swift_Current": "美洲/Swift_Current",
  "America/Tegucigalpa": "America/Tegucigalpa",
  "America/Thule": "America/Thule",
  "America/Tijuana": "America/Tijuana",
  "America/Toronto": "美洲/多伦多",
  "America/Tortola": "美洲/托尔托拉",
  "America/Vancouver": "America/Vancouver",
  "America/Whitehorse": "美洲/怀特霍斯",
  "America/Winnipeg": "美洲/温尼伯州",
  "America/Yakutat": "America/Yakutat",
  "Antarctica/Casey": "南极洲/西区",
  "Antarctica/Davis": "Antarctica/Davis",
  "Antarctica/DumontDUrville": "Antarctica/DumontDUrville",
  "Antarctica/Macquarie": "南极洲/麦夸里岛",
  "Antarctica/Mawson": "Antarctica/Mawson",
  "Antarctica/McMurdo": "Antarctica/McMurdo",
  "Antarctica/Palmer": "Antarctica/Palmer",
  "Antarctica/Rothera": "Antarctica/Rothera",
  "Antarctica/Syowa": "Antarctica/Syowa",
  "Antarctica/Troll": "Antarctica/Troll",
  "Antarctica/Vostok": "Antarctica/Vostok",
  "Arctic/Longyearbyen": "北极/长年比",
  "Asia/Aden": "Asia/Aden",
  "Asia/Almaty": "Asia/Almaty",
  "Asia/Amman": "Asia/Amman",
  "Asia/Anadyr": "Asia/Anadyr",
  "Asia/Aqtau": "Asia/Aqtau",
  "Asia/Aqtobe": "Asia/Aqtobe",
  "Asia/Ashgabat": "Asia/Ashgabat",
  "Asia/Atyrau": "Asia/Atyrau",
  "Asia/Baghdad": "Asia/Baghdad",
  "Asia/Bahrain": "Asia/Bahrain",
  "Asia/Baku": "亚洲/巴",
  "Asia/Bangkok": "Asia/Bangkok",
  "Asia/Barnaul": "Asia/Barnaul",
  "Asia/Beirut": "Asia/Beirut",
  "Asia/Bishkek": "Asia/Bishkek",
  "Asia/Brunei": "Asia/Brunei",
  "Asia/Chita": "Asia/Chita",
  "Asia/Choibalsan": "Asia/Choibalsan",
  "Asia/Colombo": "亚洲/科隆巴",
  "Asia/Damascus": "Asia/Damascus",
  "Asia/Dhaka": "Asia/Dhaka",
  "Asia/Dili": "Asia/Dili",
  "Asia/Dubai": "Asia/Dubai",
  "Asia/Dushanbe": "Asia/Dushanbe",
  "Asia/Famagusta": "Asia/Famagusta",
  "Asia/Gaza": "Asia/Gaza",
  "Asia/Hebron": "Asia/Hebron",
  "Asia/Ho_Chi_Minh": "Asia/Ho_Chi_Minh",
  "Asia/Hong_Kong": "Asia/Hong_Kong",
  "Asia/Hovd": "亚洲/霍夫德",
  "Asia/Irkutsk": "Asia/Irkutsk",
  "Asia/Jakarta": "Asia/Jakarta",
  "Asia/Jayapura": "Asia/Jayapura",
  "Asia/Jerusalem": "亚洲/耶路撒冷",
  "Asia/Kabul": "亚洲/喀布尔。",
  "Asia/Kamchatka": "亚洲/堪察卡",
  "Asia/Karachi": "亚洲/卡拉奇岛",
  "Asia/Kathmandu": "Asia/Kathmandu",
  "Asia/Khandyga": "Asia/Khandyga",
  "Asia/Kolkata": "Asia/Kolkata",
  "Asia/Krasnoyarsk": "Asia/Krasnoyarsk",
  "Asia/Kuala_Lumpur": "Asia/Kuala_Lumpur",
  "Asia/Kuching": "Asia/Kuching",
  "Asia/Kuwait": "Asia/Kuwait",
  "Asia/Macau": "Asia/Macau",
  "Asia/Magadan": "Asia/Magadan",
  "Asia/Makassar": "Asia/Makassar",
  "Asia/Manila": "亚洲/马尼拉",
  "Asia/Muscat": "亚洲/马斯喀特",
  "Asia/Nicosia": "Asia/Nicosia",
  "Asia/Novokuznetsk": "Asia/Novokuznetsk",
  "Asia/Novosibirsk": "Asia/Novosibirsk",
  "Asia/Omsk": "Asia/Omsk",
  "Asia/Oral": "亚洲/口头报告",
  "Asia/Phnom_Penh": "Asia/Phnom_Penh",
  "Asia/Pontianak": "Asia/Pontianak",
  "Asia/Pyongyang": "Asia/Pyongyang",
  "Asia/Qatar": "Asia/Qatar",
  "Asia/Qostanay": "Asia/Qostanay",
  "Asia/Qyzylorda": "Asia/Qyzylorda",
  "Asia/Riyadh": "Asia/Riyadh",
  "Asia/Sakhalin": "Asia/Sakhalin",
  "Asia/Samarkand": "Asia/Samarkand",
  "Asia/Seoul": "亚洲/首尔",
  "Asia/Shanghai": "Asia/Shanghai",
  "Asia/Singapore": "亚洲/新加坡",
  "Asia/Srednekolymsk": "Asia/Srednekolymsk",
  "Asia/Taipei": "Asia/Taipei",
  "Asia/Tashkent": "Asia/Tashkent",
  "Asia/Tbilisi": "Asia/Tbilisi",
  "Asia/Tehran": "亚洲/德黑兰岛",
  "Asia/Thimphu": "Asia/Thimphu",
  "Asia/Tokyo": "Asia/Tokyo",
  "Asia/Tomsk": "亚洲/托姆斯克",
  "Asia/Ulaanbaatar": "Asia/Ulaanbaatar",
  "Asia/Urumqi": "Asia/Urumqi",
  "Asia/Ust-Nera": "Asia/Ust-Nera",
  "Asia/Vientiane": "Asia/Vientiane",
  "Asia/Vladivostok": "Asia/Vladivostok",
  "Asia/Yakutsk": "Asia/Yakutsk",
  "Asia/Yangon": "Asia/Yangon",
  "Asia/Yekaterinburg": "Asia/Yekaterinburg",
  "Asia/Yerevan": "Asia/Yerevan",
  "Atlantic/Azores": "Atlantic/Azores",
  "Atlantic/Bermuda": "大西洋/百慕大群岛",
  "Atlantic/Canary": "大西洋/加那利岛",
  "Atlantic/Cape_Verde": "大西洋/佛得角",
  "Atlantic/Faroe": "大西洋/法罗岛",
  "Atlantic/Madeira": "大西洋/马德拉",
  "Atlantic/Reykjavik": "Atlantic/Reykjavik",
  "Atlantic/South_Georgia": "大西洋/南乔治亚州",
  "Atlantic/St_Helena": "大西洋/圣赫勒拿岛",
  "Atlantic/Stanley": "大西洋/斯坦利",
  "Australia/Adelaide": "Australia/Adelaide",
  "Australia/Brisbane": "澳大利亚/布里斯班岛",
  "Australia/Broken_Hill": "大洋洲/Broken_Hill",
  "Australia/Darwin": "大洋洲/达尔文",
  "Australia/Eucla": "Australia/Eucla",
  "Australia/Hobart": "Australia/Hobart",
  "Australia/Lindeman": "Australia/Lindeman",
  "Australia/Lord_Howe": "Australia/Lord_Howe",
  "Australia/Melbourne": "大洋洲/墨尔本",
  "Australia/Perth": "大洋洲/珀斯",
  "Australia/Sydney": "大洋洲/悉尼",
  "Europe/Amsterdam": "欧洲/阿姆斯特丹",
  "Europe/Andorra": "欧洲/安道尔岛",
  "Europe/Astrakhan": "Europe/Astrakhan",
  "Europe/Athens": "欧洲/雅典岛",
  "Europe/Belgrade": "欧洲/Belgium",
  "Europe/Berlin": "欧洲/Berlin",
  "Europe/Bratislava": "Europe/Bratislava",
  "Europe/Brussels": "欧洲/布鲁塞尔",
  "Europe/Bucharest": "欧洲/布查莱斯",
  "Europe/Budapest": "Europe/Budapest",
  "Europe/Busingen": "欧洲/Busingen",
  "Europe/Chisinau": "Europe/Chisinau",
  "Europe/Copenhagen": "欧洲/哥本哈根州",
  "Europe/Dublin": "欧洲/都柏林州",
  "Europe/Gibraltar": "欧洲/直布罗陀：",
  "Europe/Guernsey": "欧洲/根西",
  "Europe/Helsinki": "Europe/Helsinki",
  "Europe/Isle_of_Man": "欧洲/马恩岛",
  "Europe/Istanbul": "Europe/Istanbul",
  "Europe/Jersey": "欧洲/泽西岛",
  "Europe/Kaliningrad": "欧洲/加里宁格拉",
  "Europe/Kirov": "Europe/Kirov",
  "Europe/Kyiv": "欧洲/基文",
  "Europe/Lisbon": "欧洲/Lisbon",
  "Europe/Ljubljana": "Europe/Ljubljana",
  "Europe/London": "欧洲/伦敦",
  "Europe/Luxembourg": "欧洲/Luxembourg",
  "Europe/Madrid": "欧洲/马德里",
  "Europe/Malta": "Europe/Malta",
  "Europe/Mariehamn": "欧洲/马里汉姆",
  "Europe/Minsk": "欧洲/明斯克",
  "Europe/Monaco": "欧洲/摩纳哥",
  "Europe/Moscow": "欧洲/Moscow",
  "Europe/Oslo": "欧洲/Oslo",
  "Europe/Paris": "欧洲/巴黎",
  "Europe/Podgorica": "欧洲/波德戈里卡",
  "Europe/Prague": "欧洲/布拉格州",
  "Europe/Riga": "欧洲/里加",
  "Europe/Rome": "欧洲/罗马",
  "Europe/Samara": "欧洲/萨马拉州",
  "Europe/San_Marino": "欧洲/San_Marino",
  "Europe/Sarajevo": "Europe/Sarajevo",
  "Europe/Saratov": "Europe/Saratov",
  "Europe/Simferopol": "Europe/Simferopol",
  "Europe/Skopje": "欧洲/Skopje",
  "Europe/Sofia": "欧洲/索非亚",
  "Europe/Stockholm": "欧洲/斯德哥尔摩州",
  "Europe/Tallinn": "欧洲/塔林州",
  "Europe/Tirane": "欧洲/地拉内",
  "Europe/Ulyanovsk": "Europe/Ulyanovsk",
  "Europe/Vaduz": "欧洲/瓦杜斯",
  "Europe/Vatican": "欧洲/梵蒂冈组织",
  "Europe/Vienna": "欧洲/维也纳",
  "Europe/Vilnius": "Europe/Vilnius",
  "Europe/Volgograd": "Europe/Volgograd",
  "Europe/Warsaw": "欧洲/Warshaw",
  "Europe/Zagreb": "Europe/Zagreb",
  "Europe/Zurich": "欧洲/苏黎世州",
  "Indian/Antananarivo": "Indian/Antananarivo",
  "Indian/Chagos": "印度洋/查戈斯",
  "Indian/Christmas": "印度洋/圣诞岛",
  "Indian/Cocos": "印度洋/科科斯",
  "Indian/Comoro": "印度洋/科摩罗群岛",
  "Indian/Kerguelen": "印度洋/凯尔盖伦州",
  "Indian/Mahe": "印度洋/Mahe",
  "Indian/Maldives": "印度洋/马尔代夫",
  "Indian/Mauritius": "Indian/Mauritius",
  "Indian/Mayotte": "印度洋/马约特岛",
  "Indian/Reunion": "印度洋/留尼旺岛",
  "Pacific/Apia": "太平洋/阿皮亚",
  "Pacific/Auckland": "太平洋/奥克兰",
  "Pacific/Bougainville": "太平洋/布干维尔岛",
  "Pacific/Chatham": "太平洋/查塔姆",
  "Pacific/Chuuk": "太平洋/丘克岛",
  "Pacific/Easter": "太平洋/复活节：",
  "Pacific/Efate": "Pacific/Efate",
  "Pacific/Fakaofo": "Pacific/Fakaofo",
  "Pacific/Fiji": "太平洋/斐济",
  "Pacific/Funafuti": "太平洋/富纳富提岛",
  "Pacific/Galapagos": "太平洋/加拉帕戈斯",
  "Pacific/Gambier": "太平洋/冈比亚人",
  "Pacific/Guadalcanal": "太平洋/瓜达尔卡纳尔岛",
  "Pacific/Guam": "太平洋/关岛",
  "Pacific/Honolulu": "太平洋/火奴鲁鲁",
  "Pacific/Kanton": "太平洋/坎顿岛",
  "Pacific/Kiritimati": "太平洋/基里蒂马蒂岛",
  "Pacific/Kosrae": "太平洋/科斯拉",
  "Pacific/Kwajalein": "太平洋/夸贾林岛",
  "Pacific/Majuro": "太平洋/马朱罗岛",
  "Pacific/Marquesas": "Pacific/Marquesas",
  "Pacific/Midway": "Pacific/Midway",
  "Pacific/Nauru": "太平洋/瑙鲁岛",
  "Pacific/Niue": "太平洋/纽埃岛",
  "Pacific/Norfolk": "太平洋/诺福克岛",
  "Pacific/Noumea": "太平洋/努梅亚",
  "Pacific/Pago_Pago": "太平洋/帕果岛",
  "Pacific/Palau": "太平洋/帕劳岛",
  "Pacific/Pitcairn": "太平洋/皮特凯恩岛",
  "Pacific/Pohnpei": "太平洋/波恩佩岛",
  "Pacific/Port_Moresby": "太平洋/莫尔斯比港",
  "Pacific/Rarotonga": "Pacific/Rarotonga",
  "Pacific/Saipan": "太平洋/赛班岛",
  "Pacific/Tahiti": "太平洋/塔希提岛",
  "Pacific/Tarawa": "太平洋/塔拉瓦岛",
  "Pacific/Tongatapu": "太平洋/汤加塔布岛",
  "Pacific/Wake": "太平洋/瓦克岛",
  "Pacific/Wallis": "太平洋/瓦利斯"
}